TimeQuest Timing Analyzer report for arqNeander
Mon Jun 22 15:21:01 2026
Quartus II 64-Bit Version 13.1.0 Build 162 10/23/2013 SJ Web Edition


---------------------
; Table of Contents ;
---------------------
  1. Legal Notice
  2. TimeQuest Timing Analyzer Summary
  3. Parallel Compilation
  4. Clocks
  5. Slow 1200mV 85C Model Fmax Summary
  6. Timing Closure Recommendations
  7. Slow 1200mV 85C Model Setup Summary
  8. Slow 1200mV 85C Model Hold Summary
  9. Slow 1200mV 85C Model Recovery Summary
 10. Slow 1200mV 85C Model Removal Summary
 11. Slow 1200mV 85C Model Minimum Pulse Width Summary
 12. Slow 1200mV 85C Model Setup: 'runDebugIN'
 13. Slow 1200mV 85C Model Setup: 'divisor_de_frequencia:instDiv|flip_flop_d:gen_for[0].ffN|q'
 14. Slow 1200mV 85C Model Setup: 'divisor_de_frequencia:instDiv|flip_flop_d:ff0|q'
 15. Slow 1200mV 85C Model Setup: 'clkIN'
 16. Slow 1200mV 85C Model Setup: 'divisor_de_frequencia:instDiv|flip_flop_d:gen_for[1].ffN|q'
 17. Slow 1200mV 85C Model Hold: 'clkIN'
 18. Slow 1200mV 85C Model Hold: 'divisor_de_frequencia:instDiv|flip_flop_d:gen_for[0].ffN|q'
 19. Slow 1200mV 85C Model Hold: 'divisor_de_frequencia:instDiv|flip_flop_d:ff0|q'
 20. Slow 1200mV 85C Model Hold: 'runDebugIN'
 21. Slow 1200mV 85C Model Hold: 'divisor_de_frequencia:instDiv|flip_flop_d:gen_for[1].ffN|q'
 22. Slow 1200mV 85C Model Minimum Pulse Width: 'runDebugIN'
 23. Slow 1200mV 85C Model Minimum Pulse Width: 'clkIN'
 24. Slow 1200mV 85C Model Minimum Pulse Width: 'divisor_de_frequencia:instDiv|flip_flop_d:ff0|q'
 25. Slow 1200mV 85C Model Minimum Pulse Width: 'divisor_de_frequencia:instDiv|flip_flop_d:gen_for[0].ffN|q'
 26. Slow 1200mV 85C Model Minimum Pulse Width: 'divisor_de_frequencia:instDiv|flip_flop_d:gen_for[1].ffN|q'
 27. Clock to Output Times
 28. Minimum Clock to Output Times
 29. Slow 1200mV 85C Model Metastability Report
 30. Slow 1200mV 0C Model Fmax Summary
 31. Slow 1200mV 0C Model Setup Summary
 32. Slow 1200mV 0C Model Hold Summary
 33. Slow 1200mV 0C Model Recovery Summary
 34. Slow 1200mV 0C Model Removal Summary
 35. Slow 1200mV 0C Model Minimum Pulse Width Summary
 36. Slow 1200mV 0C Model Setup: 'runDebugIN'
 37. Slow 1200mV 0C Model Setup: 'divisor_de_frequencia:instDiv|flip_flop_d:gen_for[0].ffN|q'
 38. Slow 1200mV 0C Model Setup: 'divisor_de_frequencia:instDiv|flip_flop_d:ff0|q'
 39. Slow 1200mV 0C Model Setup: 'clkIN'
 40. Slow 1200mV 0C Model Setup: 'divisor_de_frequencia:instDiv|flip_flop_d:gen_for[1].ffN|q'
 41. Slow 1200mV 0C Model Hold: 'clkIN'
 42. Slow 1200mV 0C Model Hold: 'divisor_de_frequencia:instDiv|flip_flop_d:gen_for[0].ffN|q'
 43. Slow 1200mV 0C Model Hold: 'divisor_de_frequencia:instDiv|flip_flop_d:ff0|q'
 44. Slow 1200mV 0C Model Hold: 'runDebugIN'
 45. Slow 1200mV 0C Model Hold: 'divisor_de_frequencia:instDiv|flip_flop_d:gen_for[1].ffN|q'
 46. Slow 1200mV 0C Model Minimum Pulse Width: 'runDebugIN'
 47. Slow 1200mV 0C Model Minimum Pulse Width: 'clkIN'
 48. Slow 1200mV 0C Model Minimum Pulse Width: 'divisor_de_frequencia:instDiv|flip_flop_d:ff0|q'
 49. Slow 1200mV 0C Model Minimum Pulse Width: 'divisor_de_frequencia:instDiv|flip_flop_d:gen_for[0].ffN|q'
 50. Slow 1200mV 0C Model Minimum Pulse Width: 'divisor_de_frequencia:instDiv|flip_flop_d:gen_for[1].ffN|q'
 51. Clock to Output Times
 52. Minimum Clock to Output Times
 53. Slow 1200mV 0C Model Metastability Report
 54. Fast 1200mV 0C Model Setup Summary
 55. Fast 1200mV 0C Model Hold Summary
 56. Fast 1200mV 0C Model Recovery Summary
 57. Fast 1200mV 0C Model Removal Summary
 58. Fast 1200mV 0C Model Minimum Pulse Width Summary
 59. Fast 1200mV 0C Model Setup: 'runDebugIN'
 60. Fast 1200mV 0C Model Setup: 'divisor_de_frequencia:instDiv|flip_flop_d:gen_for[0].ffN|q'
 61. Fast 1200mV 0C Model Setup: 'divisor_de_frequencia:instDiv|flip_flop_d:ff0|q'
 62. Fast 1200mV 0C Model Setup: 'clkIN'
 63. Fast 1200mV 0C Model Setup: 'divisor_de_frequencia:instDiv|flip_flop_d:gen_for[1].ffN|q'
 64. Fast 1200mV 0C Model Hold: 'clkIN'
 65. Fast 1200mV 0C Model Hold: 'divisor_de_frequencia:instDiv|flip_flop_d:ff0|q'
 66. Fast 1200mV 0C Model Hold: 'divisor_de_frequencia:instDiv|flip_flop_d:gen_for[0].ffN|q'
 67. Fast 1200mV 0C Model Hold: 'runDebugIN'
 68. Fast 1200mV 0C Model Hold: 'divisor_de_frequencia:instDiv|flip_flop_d:gen_for[1].ffN|q'
 69. Fast 1200mV 0C Model Minimum Pulse Width: 'runDebugIN'
 70. Fast 1200mV 0C Model Minimum Pulse Width: 'clkIN'
 71. Fast 1200mV 0C Model Minimum Pulse Width: 'divisor_de_frequencia:instDiv|flip_flop_d:ff0|q'
 72. Fast 1200mV 0C Model Minimum Pulse Width: 'divisor_de_frequencia:instDiv|flip_flop_d:gen_for[0].ffN|q'
 73. Fast 1200mV 0C Model Minimum Pulse Width: 'divisor_de_frequencia:instDiv|flip_flop_d:gen_for[1].ffN|q'
 74. Clock to Output Times
 75. Minimum Clock to Output Times
 76. Fast 1200mV 0C Model Metastability Report
 77. Multicorner Timing Analysis Summary
 78. Clock to Output Times
 79. Minimum Clock to Output Times
 80. Board Trace Model Assignments
 81. Input Transition Times
 82. Slow Corner Signal Integrity Metrics
 83. Fast Corner Signal Integrity Metrics
 84. Setup Transfers
 85. Hold Transfers
 86. Report TCCS
 87. Report RSKM
 88. Unconstrained Paths
 89. TimeQuest Timing Analyzer Messages



----------------
; Legal Notice ;
----------------
Copyright (C) 1991-2013 Altera Corporation
Your use of Altera Corporation's design tools, logic functions 
and other software and tools, and its AMPP partner logic 
functions, and any output files from any of the foregoing 
(including device programming or simulation files), and any 
associated documentation or information are expressly subject 
to the terms and conditions of the Altera Program License 
Subscription Agreement, Altera MegaCore Function License 
Agreement, or other applicable license agreement, including, 
without limitation, that your use is for the sole purpose of 
programming logic devices manufactured by Altera and sold by 
Altera or its authorized distributors.  Please refer to the 
applicable agreement for further details.



+-------------------------------------------------------------------------+
; TimeQuest Timing Analyzer Summary                                       ;
+--------------------+----------------------------------------------------+
; Quartus II Version ; Version 13.1.0 Build 162 10/23/2013 SJ Web Edition ;
; Revision Name      ; arqNeander                                         ;
; Device Family      ; Cyclone III                                        ;
; Device Name        ; EP3C16F484C6                                       ;
; Timing Models      ; Final                                              ;
; Delay Model        ; Combined                                           ;
; Rise/Fall Delays   ; Enabled                                            ;
+--------------------+----------------------------------------------------+


Parallel compilation was disabled, but you have multiple processors available. Enable parallel compilation to reduce compilation time.
+-------------------------------------+
; Parallel Compilation                ;
+----------------------------+--------+
; Processors                 ; Number ;
+----------------------------+--------+
; Number detected on machine ; 4      ;
; Maximum allowed            ; 1      ;
+----------------------------+--------+


+----------------------------------------------------------------------------------------------------------------------------------------------------------------------------------------------------------------------------------------------------------------------------------------+
; Clocks                                                                                                                                                                                                                                                                                 ;
+------------------------------------------------------------+------+--------+------------+-------+-------+------------+-----------+-------------+-------+--------+-----------+------------+----------+--------+--------+----------------------------------------------------------------+
; Clock Name                                                 ; Type ; Period ; Frequency  ; Rise  ; Fall  ; Duty Cycle ; Divide by ; Multiply by ; Phase ; Offset ; Edge List ; Edge Shift ; Inverted ; Master ; Source ; Targets                                                        ;
+------------------------------------------------------------+------+--------+------------+-------+-------+------------+-----------+-------------+-------+--------+-----------+------------+----------+--------+--------+----------------------------------------------------------------+
; clkIN                                                      ; Base ; 1.000  ; 1000.0 MHz ; 0.000 ; 0.500 ;            ;           ;             ;       ;        ;           ;            ;          ;        ;        ; { clkIN }                                                      ;
; divisor_de_frequencia:instDiv|flip_flop_d:ff0|q            ; Base ; 1.000  ; 1000.0 MHz ; 0.000 ; 0.500 ;            ;           ;             ;       ;        ;           ;            ;          ;        ;        ; { divisor_de_frequencia:instDiv|flip_flop_d:ff0|q }            ;
; divisor_de_frequencia:instDiv|flip_flop_d:gen_for[0].ffN|q ; Base ; 1.000  ; 1000.0 MHz ; 0.000 ; 0.500 ;            ;           ;             ;       ;        ;           ;            ;          ;        ;        ; { divisor_de_frequencia:instDiv|flip_flop_d:gen_for[0].ffN|q } ;
; divisor_de_frequencia:instDiv|flip_flop_d:gen_for[1].ffN|q ; Base ; 1.000  ; 1000.0 MHz ; 0.000 ; 0.500 ;            ;           ;             ;       ;        ;           ;            ;          ;        ;        ; { divisor_de_frequencia:instDiv|flip_flop_d:gen_for[1].ffN|q } ;
; runDebugIN                                                 ; Base ; 1.000  ; 1000.0 MHz ; 0.000 ; 0.500 ;            ;           ;             ;       ;        ;           ;            ;          ;        ;        ; { runDebugIN }                                                 ;
+------------------------------------------------------------+------+--------+------------+-------+-------+------------+-----------+-------------+-------+--------+-----------+------------+----------+--------+--------+----------------------------------------------------------------+


+------------------------------------------------------------------------------------------------------------------------------------------------------------+
; Slow 1200mV 85C Model Fmax Summary                                                                                                                         ;
+-------------+-----------------+------------------------------------------------------------+---------------------------------------------------------------+
; Fmax        ; Restricted Fmax ; Clock Name                                                 ; Note                                                          ;
+-------------+-----------------+------------------------------------------------------------+---------------------------------------------------------------+
; 597.37 MHz  ; 250.0 MHz       ; runDebugIN                                                 ; limit due to minimum period restriction (max I/O toggle rate) ;
; 1466.28 MHz ; 500.0 MHz       ; divisor_de_frequencia:instDiv|flip_flop_d:gen_for[1].ffN|q ; limit due to minimum period restriction (tmin)                ;
+-------------+-----------------+------------------------------------------------------------+---------------------------------------------------------------+
This panel reports FMAX for every clock in the design, regardless of the user-specified clock periods.  FMAX is only computed for paths where the source and destination registers or ports are driven by the same clock.  Paths of different clocks, including generated clocks, are ignored.  For paths between a clock and its inversion, FMAX is computed as if the rising and falling edges are scaled along with FMAX, such that the duty cycle (in terms of a percentage) is maintained. Altera recommends that you always use clock constraints and other slack reports for sign-off analysis.


----------------------------------
; Timing Closure Recommendations ;
----------------------------------
HTML report is unavailable in plain text report export.


+-------------------------------------------------------------------------------------+
; Slow 1200mV 85C Model Setup Summary                                                 ;
+------------------------------------------------------------+--------+---------------+
; Clock                                                      ; Slack  ; End Point TNS ;
+------------------------------------------------------------+--------+---------------+
; runDebugIN                                                 ; -0.674 ; -3.010        ;
; divisor_de_frequencia:instDiv|flip_flop_d:gen_for[0].ffN|q ; 0.049  ; 0.000         ;
; divisor_de_frequencia:instDiv|flip_flop_d:ff0|q            ; 0.204  ; 0.000         ;
; clkIN                                                      ; 0.213  ; 0.000         ;
; divisor_de_frequencia:instDiv|flip_flop_d:gen_for[1].ffN|q ; 0.318  ; 0.000         ;
+------------------------------------------------------------+--------+---------------+


+-------------------------------------------------------------------------------------+
; Slow 1200mV 85C Model Hold Summary                                                  ;
+------------------------------------------------------------+--------+---------------+
; Clock                                                      ; Slack  ; End Point TNS ;
+------------------------------------------------------------+--------+---------------+
; clkIN                                                      ; -0.268 ; -0.268        ;
; divisor_de_frequencia:instDiv|flip_flop_d:gen_for[0].ffN|q ; 0.011  ; 0.000         ;
; divisor_de_frequencia:instDiv|flip_flop_d:ff0|q            ; 0.024  ; 0.000         ;
; runDebugIN                                                 ; 0.344  ; 0.000         ;
; divisor_de_frequencia:instDiv|flip_flop_d:gen_for[1].ffN|q ; 0.385  ; 0.000         ;
+------------------------------------------------------------+--------+---------------+


------------------------------------------
; Slow 1200mV 85C Model Recovery Summary ;
------------------------------------------
No paths to report.


-----------------------------------------
; Slow 1200mV 85C Model Removal Summary ;
-----------------------------------------
No paths to report.


+-------------------------------------------------------------------------------------+
; Slow 1200mV 85C Model Minimum Pulse Width Summary                                   ;
+------------------------------------------------------------+--------+---------------+
; Clock                                                      ; Slack  ; End Point TNS ;
+------------------------------------------------------------+--------+---------------+
; runDebugIN                                                 ; -3.000 ; -13.000       ;
; clkIN                                                      ; -3.000 ; -4.000        ;
; divisor_de_frequencia:instDiv|flip_flop_d:ff0|q            ; -1.000 ; -1.000        ;
; divisor_de_frequencia:instDiv|flip_flop_d:gen_for[0].ffN|q ; -1.000 ; -1.000        ;
; divisor_de_frequencia:instDiv|flip_flop_d:gen_for[1].ffN|q ; -1.000 ; -1.000        ;
+------------------------------------------------------------+--------+---------------+


+------------------------------------------------------------------------------------------------------------------------------------------------------------+
; Slow 1200mV 85C Model Setup: 'runDebugIN'                                                                                                                  ;
+--------+--------------------------------------+--------------------------------------+--------------+-------------+--------------+------------+------------+
; Slack  ; From Node                            ; To Node                              ; Launch Clock ; Latch Clock ; Relationship ; Clock Skew ; Data Delay ;
+--------+--------------------------------------+--------------------------------------+--------------+-------------+--------------+------------+------------+
; -0.674 ; PC:inst6|ffd_enable:ffd1|q           ; PC:inst6|ffd_enable:ffd5|q           ; runDebugIN   ; runDebugIN  ; 1.000        ; -0.061     ; 1.608      ;
; -0.610 ; temporizador:inst5|flip_flop_d:ff0|q ; PC:inst6|ffd_enable:ffd6|q           ; runDebugIN   ; runDebugIN  ; 1.000        ; -0.061     ; 1.544      ;
; -0.598 ; PC:inst6|ffd_enable:ffd0|q           ; PC:inst6|ffd_enable:ffd5|q           ; runDebugIN   ; runDebugIN  ; 1.000        ; -0.061     ; 1.532      ;
; -0.567 ; PC:inst6|ffd_enable:ffd3|q           ; PC:inst6|ffd_enable:ffd6|q           ; runDebugIN   ; runDebugIN  ; 1.000        ; -0.061     ; 1.501      ;
; -0.528 ; temporizador:inst5|flip_flop_d:ff1|q ; PC:inst6|ffd_enable:ffd6|q           ; runDebugIN   ; runDebugIN  ; 1.000        ; -0.061     ; 1.462      ;
; -0.519 ; temporizador:inst5|flip_flop_d:ff1|q ; PC:inst6|ffd_enable:ffd4|q           ; runDebugIN   ; runDebugIN  ; 1.000        ; -0.061     ; 1.453      ;
; -0.517 ; temporizador:inst5|flip_flop_d:ff0|q ; PC:inst6|ffd_enable:ffd4|q           ; runDebugIN   ; runDebugIN  ; 1.000        ; -0.061     ; 1.451      ;
; -0.439 ; PC:inst6|ffd_enable:ffd2|q           ; PC:inst6|ffd_enable:ffd5|q           ; runDebugIN   ; runDebugIN  ; 1.000        ; -0.061     ; 1.373      ;
; -0.386 ; temporizador:inst5|flip_flop_d:ff0|q ; PC:inst6|ffd_enable:ffd5|q           ; runDebugIN   ; runDebugIN  ; 1.000        ; -0.061     ; 1.320      ;
; -0.354 ; PC:inst6|ffd_enable:ffd3|q           ; PC:inst6|ffd_enable:ffd5|q           ; runDebugIN   ; runDebugIN  ; 1.000        ; -0.061     ; 1.288      ;
; -0.353 ; PC:inst6|ffd_enable:ffd1|q           ; PC:inst6|ffd_enable:ffd4|q           ; runDebugIN   ; runDebugIN  ; 1.000        ; -0.061     ; 1.287      ;
; -0.351 ; PC:inst6|ffd_enable:ffd1|q           ; PC:inst6|ffd_enable:ffd3|q           ; runDebugIN   ; runDebugIN  ; 1.000        ; -0.061     ; 1.285      ;
; -0.350 ; PC:inst6|ffd_enable:ffd1|q           ; PC:inst6|ffd_enable:ffd6|q           ; runDebugIN   ; runDebugIN  ; 1.000        ; -0.061     ; 1.284      ;
; -0.342 ; PC:inst6|ffd_enable:ffd1|q           ; PC:inst6|ffd_enable:ffd2|q           ; runDebugIN   ; runDebugIN  ; 1.000        ; -0.061     ; 1.276      ;
; -0.330 ; PC:inst6|ffd_enable:ffd1|q           ; PC:inst6|ffd_enable:ffd7|q           ; runDebugIN   ; runDebugIN  ; 1.000        ; 0.286      ; 1.611      ;
; -0.327 ; PC:inst6|ffd_enable:ffd5|q           ; PC:inst6|ffd_enable:ffd6|q           ; runDebugIN   ; runDebugIN  ; 1.000        ; -0.061     ; 1.261      ;
; -0.298 ; PC:inst6|ffd_enable:ffd4|q           ; PC:inst6|ffd_enable:ffd7|q           ; runDebugIN   ; runDebugIN  ; 1.000        ; 0.286      ; 1.579      ;
; -0.285 ; temporizador:inst5|flip_flop_d:ff1|q ; PC:inst6|ffd_enable:ffd2|q           ; runDebugIN   ; runDebugIN  ; 1.000        ; -0.061     ; 1.219      ;
; -0.279 ; temporizador:inst5|flip_flop_d:ff0|q ; PC:inst6|ffd_enable:ffd2|q           ; runDebugIN   ; runDebugIN  ; 1.000        ; -0.061     ; 1.213      ;
; -0.277 ; PC:inst6|ffd_enable:ffd0|q           ; PC:inst6|ffd_enable:ffd4|q           ; runDebugIN   ; runDebugIN  ; 1.000        ; -0.061     ; 1.211      ;
; -0.275 ; PC:inst6|ffd_enable:ffd0|q           ; PC:inst6|ffd_enable:ffd3|q           ; runDebugIN   ; runDebugIN  ; 1.000        ; -0.061     ; 1.209      ;
; -0.274 ; PC:inst6|ffd_enable:ffd0|q           ; PC:inst6|ffd_enable:ffd6|q           ; runDebugIN   ; runDebugIN  ; 1.000        ; -0.061     ; 1.208      ;
; -0.262 ; temporizador:inst5|flip_flop_d:ff1|q ; PC:inst6|ffd_enable:ffd5|q           ; runDebugIN   ; runDebugIN  ; 1.000        ; -0.061     ; 1.196      ;
; -0.254 ; PC:inst6|ffd_enable:ffd0|q           ; PC:inst6|ffd_enable:ffd7|q           ; runDebugIN   ; runDebugIN  ; 1.000        ; 0.286      ; 1.535      ;
; -0.219 ; PC:inst6|ffd_enable:ffd6|q           ; PC:inst6|ffd_enable:ffd7|q           ; runDebugIN   ; runDebugIN  ; 1.000        ; 0.286      ; 1.500      ;
; -0.191 ; PC:inst6|ffd_enable:ffd4|q           ; PC:inst6|ffd_enable:ffd5|q           ; runDebugIN   ; runDebugIN  ; 1.000        ; -0.061     ; 1.125      ;
; -0.179 ; PC:inst6|ffd_enable:ffd0|q           ; PC:inst6|ffd_enable:ffd2|q           ; runDebugIN   ; runDebugIN  ; 1.000        ; -0.061     ; 1.113      ;
; -0.160 ; PC:inst6|ffd_enable:ffd3|q           ; PC:inst6|ffd_enable:ffd4|q           ; runDebugIN   ; runDebugIN  ; 1.000        ; -0.061     ; 1.094      ;
; -0.118 ; PC:inst6|ffd_enable:ffd2|q           ; PC:inst6|ffd_enable:ffd4|q           ; runDebugIN   ; runDebugIN  ; 1.000        ; -0.061     ; 1.052      ;
; -0.116 ; PC:inst6|ffd_enable:ffd2|q           ; PC:inst6|ffd_enable:ffd3|q           ; runDebugIN   ; runDebugIN  ; 1.000        ; -0.061     ; 1.050      ;
; -0.115 ; PC:inst6|ffd_enable:ffd2|q           ; PC:inst6|ffd_enable:ffd6|q           ; runDebugIN   ; runDebugIN  ; 1.000        ; -0.061     ; 1.049      ;
; -0.095 ; PC:inst6|ffd_enable:ffd2|q           ; PC:inst6|ffd_enable:ffd7|q           ; runDebugIN   ; runDebugIN  ; 1.000        ; 0.286      ; 1.376      ;
; -0.092 ; temporizador:inst5|flip_flop_d:ff1|q ; PC:inst6|ffd_enable:ffd1|q           ; runDebugIN   ; runDebugIN  ; 1.000        ; -0.061     ; 1.026      ;
; -0.092 ; temporizador:inst5|flip_flop_d:ff1|q ; PC:inst6|ffd_enable:ffd0|q           ; runDebugIN   ; runDebugIN  ; 1.000        ; -0.061     ; 1.026      ;
; -0.086 ; temporizador:inst5|flip_flop_d:ff1|q ; PC:inst6|ffd_enable:ffd3|q           ; runDebugIN   ; runDebugIN  ; 1.000        ; -0.061     ; 1.020      ;
; -0.042 ; temporizador:inst5|flip_flop_d:ff0|q ; PC:inst6|ffd_enable:ffd7|q           ; runDebugIN   ; runDebugIN  ; 1.000        ; 0.286      ; 1.323      ;
; -0.037 ; temporizador:inst5|flip_flop_d:ff0|q ; PC:inst6|ffd_enable:ffd1|q           ; runDebugIN   ; runDebugIN  ; 1.000        ; -0.061     ; 0.971      ;
; -0.034 ; temporizador:inst5|flip_flop_d:ff0|q ; PC:inst6|ffd_enable:ffd3|q           ; runDebugIN   ; runDebugIN  ; 1.000        ; -0.061     ; 0.968      ;
; -0.010 ; PC:inst6|ffd_enable:ffd3|q           ; PC:inst6|ffd_enable:ffd7|q           ; runDebugIN   ; runDebugIN  ; 1.000        ; 0.286      ; 1.291      ;
; 0.003  ; PC:inst6|ffd_enable:ffd5|q           ; PC:inst6|ffd_enable:ffd7|q           ; runDebugIN   ; runDebugIN  ; 1.000        ; 0.286      ; 1.278      ;
; 0.007  ; PC:inst6|ffd_enable:ffd4|q           ; PC:inst6|ffd_enable:ffd6|q           ; runDebugIN   ; runDebugIN  ; 1.000        ; -0.061     ; 0.927      ;
; 0.064  ; temporizador:inst5|flip_flop_d:ff0|q ; temporizador:inst5|flip_flop_d:ff1|q ; runDebugIN   ; runDebugIN  ; 1.000        ; -0.061     ; 0.870      ;
; 0.064  ; PC:inst6|ffd_enable:ffd0|q           ; PC:inst6|ffd_enable:ffd1|q           ; runDebugIN   ; runDebugIN  ; 1.000        ; -0.061     ; 0.870      ;
; 0.068  ; temporizador:inst5|flip_flop_d:ff0|q ; PC:inst6|ffd_enable:ffd0|q           ; runDebugIN   ; runDebugIN  ; 1.000        ; -0.061     ; 0.866      ;
; 0.084  ; temporizador:inst5|flip_flop_d:ff1|q ; PC:inst6|ffd_enable:ffd7|q           ; runDebugIN   ; runDebugIN  ; 1.000        ; 0.286      ; 1.197      ;
; 0.260  ; PC:inst6|ffd_enable:ffd7|q           ; PC:inst6|ffd_enable:ffd7|q           ; runDebugIN   ; runDebugIN  ; 1.000        ; -0.076     ; 0.659      ;
; 0.275  ; temporizador:inst5|flip_flop_d:ff0|q ; temporizador:inst5|flip_flop_d:ff0|q ; runDebugIN   ; runDebugIN  ; 1.000        ; -0.061     ; 0.659      ;
; 0.275  ; PC:inst6|ffd_enable:ffd5|q           ; PC:inst6|ffd_enable:ffd5|q           ; runDebugIN   ; runDebugIN  ; 1.000        ; -0.061     ; 0.659      ;
; 0.275  ; PC:inst6|ffd_enable:ffd6|q           ; PC:inst6|ffd_enable:ffd6|q           ; runDebugIN   ; runDebugIN  ; 1.000        ; -0.061     ; 0.659      ;
; 0.275  ; PC:inst6|ffd_enable:ffd4|q           ; PC:inst6|ffd_enable:ffd4|q           ; runDebugIN   ; runDebugIN  ; 1.000        ; -0.061     ; 0.659      ;
; 0.275  ; PC:inst6|ffd_enable:ffd3|q           ; PC:inst6|ffd_enable:ffd3|q           ; runDebugIN   ; runDebugIN  ; 1.000        ; -0.061     ; 0.659      ;
; 0.275  ; PC:inst6|ffd_enable:ffd2|q           ; PC:inst6|ffd_enable:ffd2|q           ; runDebugIN   ; runDebugIN  ; 1.000        ; -0.061     ; 0.659      ;
; 0.275  ; PC:inst6|ffd_enable:ffd1|q           ; PC:inst6|ffd_enable:ffd1|q           ; runDebugIN   ; runDebugIN  ; 1.000        ; -0.061     ; 0.659      ;
; 0.275  ; PC:inst6|ffd_enable:ffd0|q           ; PC:inst6|ffd_enable:ffd0|q           ; runDebugIN   ; runDebugIN  ; 1.000        ; -0.061     ; 0.659      ;
; 0.275  ; temporizador:inst5|flip_flop_d:ff1|q ; temporizador:inst5|flip_flop_d:ff1|q ; runDebugIN   ; runDebugIN  ; 1.000        ; -0.061     ; 0.659      ;
+--------+--------------------------------------+--------------------------------------+--------------+-------------+--------------+------------+------------+


+----------------------------------------------------------------------------------------------------------------------------------------------------------------------------------------------------------------------------------------------------------------------------------------------------+
; Slow 1200mV 85C Model Setup: 'divisor_de_frequencia:instDiv|flip_flop_d:gen_for[0].ffN|q'                                                                                                                                                                                                          ;
+-------+------------------------------------------------------------+------------------------------------------------------------+------------------------------------------------------------+------------------------------------------------------------+--------------+------------+------------+
; Slack ; From Node                                                  ; To Node                                                    ; Launch Clock                                               ; Latch Clock                                                ; Relationship ; Clock Skew ; Data Delay ;
+-------+------------------------------------------------------------+------------------------------------------------------------+------------------------------------------------------------+------------------------------------------------------------+--------------+------------+------------+
; 0.049 ; divisor_de_frequencia:instDiv|flip_flop_d:gen_for[1].ffN|q ; divisor_de_frequencia:instDiv|flip_flop_d:gen_for[1].ffN|q ; divisor_de_frequencia:instDiv|flip_flop_d:gen_for[1].ffN|q ; divisor_de_frequencia:instDiv|flip_flop_d:gen_for[0].ffN|q ; 0.500        ; 0.878      ; 1.543      ;
; 0.563 ; divisor_de_frequencia:instDiv|flip_flop_d:gen_for[1].ffN|q ; divisor_de_frequencia:instDiv|flip_flop_d:gen_for[1].ffN|q ; divisor_de_frequencia:instDiv|flip_flop_d:gen_for[1].ffN|q ; divisor_de_frequencia:instDiv|flip_flop_d:gen_for[0].ffN|q ; 1.000        ; 0.878      ; 1.529      ;
+-------+------------------------------------------------------------+------------------------------------------------------------+------------------------------------------------------------+------------------------------------------------------------+--------------+------------+------------+


+-----------------------------------------------------------------------------------------------------------------------------------------------------------------------------------------------------------------------------------------------------------------------------------------+
; Slow 1200mV 85C Model Setup: 'divisor_de_frequencia:instDiv|flip_flop_d:ff0|q'                                                                                                                                                                                                          ;
+-------+------------------------------------------------------------+------------------------------------------------------------+------------------------------------------------------------+-------------------------------------------------+--------------+------------+------------+
; Slack ; From Node                                                  ; To Node                                                    ; Launch Clock                                               ; Latch Clock                                     ; Relationship ; Clock Skew ; Data Delay ;
+-------+------------------------------------------------------------+------------------------------------------------------------+------------------------------------------------------------+-------------------------------------------------+--------------+------------+------------+
; 0.204 ; divisor_de_frequencia:instDiv|flip_flop_d:gen_for[0].ffN|q ; divisor_de_frequencia:instDiv|flip_flop_d:gen_for[0].ffN|q ; divisor_de_frequencia:instDiv|flip_flop_d:gen_for[0].ffN|q ; divisor_de_frequencia:instDiv|flip_flop_d:ff0|q ; 0.500        ; 0.745      ; 1.255      ;
; 0.741 ; divisor_de_frequencia:instDiv|flip_flop_d:gen_for[0].ffN|q ; divisor_de_frequencia:instDiv|flip_flop_d:gen_for[0].ffN|q ; divisor_de_frequencia:instDiv|flip_flop_d:gen_for[0].ffN|q ; divisor_de_frequencia:instDiv|flip_flop_d:ff0|q ; 1.000        ; 0.745      ; 1.218      ;
+-------+------------------------------------------------------------+------------------------------------------------------------+------------------------------------------------------------+-------------------------------------------------+--------------+------------+------------+


+--------------------------------------------------------------------------------------------------------------------------------------------------------------------------------------------------------------------+
; Slow 1200mV 85C Model Setup: 'clkIN'                                                                                                                                                                               ;
+-------+-------------------------------------------------+-------------------------------------------------+-------------------------------------------------+-------------+--------------+------------+------------+
; Slack ; From Node                                       ; To Node                                         ; Launch Clock                                    ; Latch Clock ; Relationship ; Clock Skew ; Data Delay ;
+-------+-------------------------------------------------+-------------------------------------------------+-------------------------------------------------+-------------+--------------+------------+------------+
; 0.213 ; divisor_de_frequencia:instDiv|flip_flop_d:ff0|q ; divisor_de_frequencia:instDiv|flip_flop_d:ff0|q ; divisor_de_frequencia:instDiv|flip_flop_d:ff0|q ; clkIN       ; 0.500        ; 2.933      ; 3.414      ;
; 0.670 ; divisor_de_frequencia:instDiv|flip_flop_d:ff0|q ; divisor_de_frequencia:instDiv|flip_flop_d:ff0|q ; divisor_de_frequencia:instDiv|flip_flop_d:ff0|q ; clkIN       ; 1.000        ; 2.933      ; 3.457      ;
+-------+-------------------------------------------------+-------------------------------------------------+-------------------------------------------------+-------------+--------------+------------+------------+


+----------------------------------------------------------------------------------------------------------------------------------------------------------------------------------------------------------------------------------------------------------------------------------------------------+
; Slow 1200mV 85C Model Setup: 'divisor_de_frequencia:instDiv|flip_flop_d:gen_for[1].ffN|q'                                                                                                                                                                                                          ;
+-------+------------------------------------------------------------+------------------------------------------------------------+------------------------------------------------------------+------------------------------------------------------------+--------------+------------+------------+
; Slack ; From Node                                                  ; To Node                                                    ; Launch Clock                                               ; Latch Clock                                                ; Relationship ; Clock Skew ; Data Delay ;
+-------+------------------------------------------------------------+------------------------------------------------------------+------------------------------------------------------------+------------------------------------------------------------+--------------+------------+------------+
; 0.318 ; divisor_de_frequencia:instDiv|flip_flop_d:gen_for[2].ffN|q ; divisor_de_frequencia:instDiv|flip_flop_d:gen_for[2].ffN|q ; divisor_de_frequencia:instDiv|flip_flop_d:gen_for[1].ffN|q ; divisor_de_frequencia:instDiv|flip_flop_d:gen_for[1].ffN|q ; 1.000        ; -0.038     ; 0.659      ;
+-------+------------------------------------------------------------+------------------------------------------------------------+------------------------------------------------------------+------------------------------------------------------------+--------------+------------+------------+


+---------------------------------------------------------------------------------------------------------------------------------------------------------------------------------------------------------------------+
; Slow 1200mV 85C Model Hold: 'clkIN'                                                                                                                                                                                 ;
+--------+-------------------------------------------------+-------------------------------------------------+-------------------------------------------------+-------------+--------------+------------+------------+
; Slack  ; From Node                                       ; To Node                                         ; Launch Clock                                    ; Latch Clock ; Relationship ; Clock Skew ; Data Delay ;
+--------+-------------------------------------------------+-------------------------------------------------+-------------------------------------------------+-------------+--------------+------------+------------+
; -0.268 ; divisor_de_frequencia:instDiv|flip_flop_d:ff0|q ; divisor_de_frequencia:instDiv|flip_flop_d:ff0|q ; divisor_de_frequencia:instDiv|flip_flop_d:ff0|q ; clkIN       ; 0.000        ; 3.041      ; 3.149      ;
; 0.226  ; divisor_de_frequencia:instDiv|flip_flop_d:ff0|q ; divisor_de_frequencia:instDiv|flip_flop_d:ff0|q ; divisor_de_frequencia:instDiv|flip_flop_d:ff0|q ; clkIN       ; -0.500       ; 3.041      ; 3.143      ;
+--------+-------------------------------------------------+-------------------------------------------------+-------------------------------------------------+-------------+--------------+------------+------------+


+----------------------------------------------------------------------------------------------------------------------------------------------------------------------------------------------------------------------------------------------------------------------------------------------------+
; Slow 1200mV 85C Model Hold: 'divisor_de_frequencia:instDiv|flip_flop_d:gen_for[0].ffN|q'                                                                                                                                                                                                           ;
+-------+------------------------------------------------------------+------------------------------------------------------------+------------------------------------------------------------+------------------------------------------------------------+--------------+------------+------------+
; Slack ; From Node                                                  ; To Node                                                    ; Launch Clock                                               ; Latch Clock                                                ; Relationship ; Clock Skew ; Data Delay ;
+-------+------------------------------------------------------------+------------------------------------------------------------+------------------------------------------------------------+------------------------------------------------------------+--------------+------------+------------+
; 0.011 ; divisor_de_frequencia:instDiv|flip_flop_d:gen_for[1].ffN|q ; divisor_de_frequencia:instDiv|flip_flop_d:gen_for[1].ffN|q ; divisor_de_frequencia:instDiv|flip_flop_d:gen_for[1].ffN|q ; divisor_de_frequencia:instDiv|flip_flop_d:gen_for[0].ffN|q ; 0.000        ; 0.933      ; 1.300      ;
; 0.551 ; divisor_de_frequencia:instDiv|flip_flop_d:gen_for[1].ffN|q ; divisor_de_frequencia:instDiv|flip_flop_d:gen_for[1].ffN|q ; divisor_de_frequencia:instDiv|flip_flop_d:gen_for[1].ffN|q ; divisor_de_frequencia:instDiv|flip_flop_d:gen_for[0].ffN|q ; -0.500       ; 0.933      ; 1.340      ;
+-------+------------------------------------------------------------+------------------------------------------------------------+------------------------------------------------------------+------------------------------------------------------------+--------------+------------+------------+


+-----------------------------------------------------------------------------------------------------------------------------------------------------------------------------------------------------------------------------------------------------------------------------------------+
; Slow 1200mV 85C Model Hold: 'divisor_de_frequencia:instDiv|flip_flop_d:ff0|q'                                                                                                                                                                                                           ;
+-------+------------------------------------------------------------+------------------------------------------------------------+------------------------------------------------------------+-------------------------------------------------+--------------+------------+------------+
; Slack ; From Node                                                  ; To Node                                                    ; Launch Clock                                               ; Latch Clock                                     ; Relationship ; Clock Skew ; Data Delay ;
+-------+------------------------------------------------------------+------------------------------------------------------------+------------------------------------------------------------+-------------------------------------------------+--------------+------------+------------+
; 0.024 ; divisor_de_frequencia:instDiv|flip_flop_d:gen_for[0].ffN|q ; divisor_de_frequencia:instDiv|flip_flop_d:gen_for[0].ffN|q ; divisor_de_frequencia:instDiv|flip_flop_d:gen_for[0].ffN|q ; divisor_de_frequencia:instDiv|flip_flop_d:ff0|q ; 0.000        ; 0.794      ; 1.174      ;
; 0.562 ; divisor_de_frequencia:instDiv|flip_flop_d:gen_for[0].ffN|q ; divisor_de_frequencia:instDiv|flip_flop_d:gen_for[0].ffN|q ; divisor_de_frequencia:instDiv|flip_flop_d:gen_for[0].ffN|q ; divisor_de_frequencia:instDiv|flip_flop_d:ff0|q ; -0.500       ; 0.794      ; 1.212      ;
+-------+------------------------------------------------------------+------------------------------------------------------------+------------------------------------------------------------+-------------------------------------------------+--------------+------------+------------+


+-----------------------------------------------------------------------------------------------------------------------------------------------------------+
; Slow 1200mV 85C Model Hold: 'runDebugIN'                                                                                                                  ;
+-------+--------------------------------------+--------------------------------------+--------------+-------------+--------------+------------+------------+
; Slack ; From Node                            ; To Node                              ; Launch Clock ; Latch Clock ; Relationship ; Clock Skew ; Data Delay ;
+-------+--------------------------------------+--------------------------------------+--------------+-------------+--------------+------------+------------+
; 0.344 ; PC:inst6|ffd_enable:ffd7|q           ; PC:inst6|ffd_enable:ffd7|q           ; runDebugIN   ; runDebugIN  ; 0.000        ; 0.076      ; 0.577      ;
; 0.359 ; PC:inst6|ffd_enable:ffd6|q           ; PC:inst6|ffd_enable:ffd6|q           ; runDebugIN   ; runDebugIN  ; 0.000        ; 0.061      ; 0.577      ;
; 0.359 ; PC:inst6|ffd_enable:ffd5|q           ; PC:inst6|ffd_enable:ffd5|q           ; runDebugIN   ; runDebugIN  ; 0.000        ; 0.061      ; 0.577      ;
; 0.359 ; PC:inst6|ffd_enable:ffd4|q           ; PC:inst6|ffd_enable:ffd4|q           ; runDebugIN   ; runDebugIN  ; 0.000        ; 0.061      ; 0.577      ;
; 0.359 ; PC:inst6|ffd_enable:ffd3|q           ; PC:inst6|ffd_enable:ffd3|q           ; runDebugIN   ; runDebugIN  ; 0.000        ; 0.061      ; 0.577      ;
; 0.359 ; PC:inst6|ffd_enable:ffd2|q           ; PC:inst6|ffd_enable:ffd2|q           ; runDebugIN   ; runDebugIN  ; 0.000        ; 0.061      ; 0.577      ;
; 0.359 ; PC:inst6|ffd_enable:ffd1|q           ; PC:inst6|ffd_enable:ffd1|q           ; runDebugIN   ; runDebugIN  ; 0.000        ; 0.061      ; 0.577      ;
; 0.359 ; PC:inst6|ffd_enable:ffd0|q           ; PC:inst6|ffd_enable:ffd0|q           ; runDebugIN   ; runDebugIN  ; 0.000        ; 0.061      ; 0.577      ;
; 0.359 ; temporizador:inst5|flip_flop_d:ff1|q ; temporizador:inst5|flip_flop_d:ff1|q ; runDebugIN   ; runDebugIN  ; 0.000        ; 0.061      ; 0.577      ;
; 0.362 ; temporizador:inst5|flip_flop_d:ff0|q ; temporizador:inst5|flip_flop_d:ff0|q ; runDebugIN   ; runDebugIN  ; 0.000        ; 0.061      ; 0.580      ;
; 0.486 ; temporizador:inst5|flip_flop_d:ff1|q ; PC:inst6|ffd_enable:ffd7|q           ; runDebugIN   ; runDebugIN  ; 0.000        ; 0.423      ; 1.066      ;
; 0.513 ; PC:inst6|ffd_enable:ffd5|q           ; PC:inst6|ffd_enable:ffd7|q           ; runDebugIN   ; runDebugIN  ; 0.000        ; 0.423      ; 1.093      ;
; 0.516 ; PC:inst6|ffd_enable:ffd3|q           ; PC:inst6|ffd_enable:ffd7|q           ; runDebugIN   ; runDebugIN  ; 0.000        ; 0.423      ; 1.096      ;
; 0.545 ; temporizador:inst5|flip_flop_d:ff0|q ; PC:inst6|ffd_enable:ffd7|q           ; runDebugIN   ; runDebugIN  ; 0.000        ; 0.423      ; 1.125      ;
; 0.548 ; temporizador:inst5|flip_flop_d:ff0|q ; PC:inst6|ffd_enable:ffd0|q           ; runDebugIN   ; runDebugIN  ; 0.000        ; 0.061      ; 0.766      ;
; 0.551 ; temporizador:inst5|flip_flop_d:ff0|q ; temporizador:inst5|flip_flop_d:ff1|q ; runDebugIN   ; runDebugIN  ; 0.000        ; 0.061      ; 0.769      ;
; 0.552 ; PC:inst6|ffd_enable:ffd0|q           ; PC:inst6|ffd_enable:ffd1|q           ; runDebugIN   ; runDebugIN  ; 0.000        ; 0.061      ; 0.770      ;
; 0.588 ; PC:inst6|ffd_enable:ffd4|q           ; PC:inst6|ffd_enable:ffd6|q           ; runDebugIN   ; runDebugIN  ; 0.000        ; 0.061      ; 0.806      ;
; 0.618 ; temporizador:inst5|flip_flop_d:ff0|q ; PC:inst6|ffd_enable:ffd3|q           ; runDebugIN   ; runDebugIN  ; 0.000        ; 0.061      ; 0.836      ;
; 0.619 ; temporizador:inst5|flip_flop_d:ff1|q ; PC:inst6|ffd_enable:ffd3|q           ; runDebugIN   ; runDebugIN  ; 0.000        ; 0.061      ; 0.837      ;
; 0.619 ; temporizador:inst5|flip_flop_d:ff0|q ; PC:inst6|ffd_enable:ffd1|q           ; runDebugIN   ; runDebugIN  ; 0.000        ; 0.061      ; 0.837      ;
; 0.620 ; temporizador:inst5|flip_flop_d:ff1|q ; PC:inst6|ffd_enable:ffd0|q           ; runDebugIN   ; runDebugIN  ; 0.000        ; 0.061      ; 0.838      ;
; 0.621 ; temporizador:inst5|flip_flop_d:ff1|q ; PC:inst6|ffd_enable:ffd1|q           ; runDebugIN   ; runDebugIN  ; 0.000        ; 0.061      ; 0.839      ;
; 0.644 ; PC:inst6|ffd_enable:ffd2|q           ; PC:inst6|ffd_enable:ffd7|q           ; runDebugIN   ; runDebugIN  ; 0.000        ; 0.423      ; 1.224      ;
; 0.687 ; PC:inst6|ffd_enable:ffd6|q           ; PC:inst6|ffd_enable:ffd7|q           ; runDebugIN   ; runDebugIN  ; 0.000        ; 0.423      ; 1.267      ;
; 0.704 ; PC:inst6|ffd_enable:ffd2|q           ; PC:inst6|ffd_enable:ffd6|q           ; runDebugIN   ; runDebugIN  ; 0.000        ; 0.061      ; 0.922      ;
; 0.704 ; PC:inst6|ffd_enable:ffd2|q           ; PC:inst6|ffd_enable:ffd3|q           ; runDebugIN   ; runDebugIN  ; 0.000        ; 0.061      ; 0.922      ;
; 0.706 ; PC:inst6|ffd_enable:ffd2|q           ; PC:inst6|ffd_enable:ffd4|q           ; runDebugIN   ; runDebugIN  ; 0.000        ; 0.061      ; 0.924      ;
; 0.717 ; PC:inst6|ffd_enable:ffd3|q           ; PC:inst6|ffd_enable:ffd4|q           ; runDebugIN   ; runDebugIN  ; 0.000        ; 0.061      ; 0.935      ;
; 0.735 ; PC:inst6|ffd_enable:ffd0|q           ; PC:inst6|ffd_enable:ffd2|q           ; runDebugIN   ; runDebugIN  ; 0.000        ; 0.061      ; 0.953      ;
; 0.757 ; PC:inst6|ffd_enable:ffd4|q           ; PC:inst6|ffd_enable:ffd5|q           ; runDebugIN   ; runDebugIN  ; 0.000        ; 0.061      ; 0.975      ;
; 0.768 ; PC:inst6|ffd_enable:ffd0|q           ; PC:inst6|ffd_enable:ffd7|q           ; runDebugIN   ; runDebugIN  ; 0.000        ; 0.423      ; 1.348      ;
; 0.788 ; PC:inst6|ffd_enable:ffd4|q           ; PC:inst6|ffd_enable:ffd7|q           ; runDebugIN   ; runDebugIN  ; 0.000        ; 0.423      ; 1.368      ;
; 0.826 ; PC:inst6|ffd_enable:ffd1|q           ; PC:inst6|ffd_enable:ffd7|q           ; runDebugIN   ; runDebugIN  ; 0.000        ; 0.423      ; 1.406      ;
; 0.828 ; PC:inst6|ffd_enable:ffd0|q           ; PC:inst6|ffd_enable:ffd6|q           ; runDebugIN   ; runDebugIN  ; 0.000        ; 0.061      ; 1.046      ;
; 0.828 ; PC:inst6|ffd_enable:ffd0|q           ; PC:inst6|ffd_enable:ffd3|q           ; runDebugIN   ; runDebugIN  ; 0.000        ; 0.061      ; 1.046      ;
; 0.830 ; PC:inst6|ffd_enable:ffd0|q           ; PC:inst6|ffd_enable:ffd4|q           ; runDebugIN   ; runDebugIN  ; 0.000        ; 0.061      ; 1.048      ;
; 0.846 ; temporizador:inst5|flip_flop_d:ff1|q ; PC:inst6|ffd_enable:ffd5|q           ; runDebugIN   ; runDebugIN  ; 0.000        ; 0.061      ; 1.064      ;
; 0.869 ; temporizador:inst5|flip_flop_d:ff0|q ; PC:inst6|ffd_enable:ffd2|q           ; runDebugIN   ; runDebugIN  ; 0.000        ; 0.061      ; 1.087      ;
; 0.872 ; temporizador:inst5|flip_flop_d:ff1|q ; PC:inst6|ffd_enable:ffd2|q           ; runDebugIN   ; runDebugIN  ; 0.000        ; 0.061      ; 1.090      ;
; 0.877 ; PC:inst6|ffd_enable:ffd3|q           ; PC:inst6|ffd_enable:ffd5|q           ; runDebugIN   ; runDebugIN  ; 0.000        ; 0.061      ; 1.095      ;
; 0.886 ; PC:inst6|ffd_enable:ffd1|q           ; PC:inst6|ffd_enable:ffd6|q           ; runDebugIN   ; runDebugIN  ; 0.000        ; 0.061      ; 1.104      ;
; 0.886 ; PC:inst6|ffd_enable:ffd1|q           ; PC:inst6|ffd_enable:ffd3|q           ; runDebugIN   ; runDebugIN  ; 0.000        ; 0.061      ; 1.104      ;
; 0.888 ; PC:inst6|ffd_enable:ffd1|q           ; PC:inst6|ffd_enable:ffd4|q           ; runDebugIN   ; runDebugIN  ; 0.000        ; 0.061      ; 1.106      ;
; 0.896 ; PC:inst6|ffd_enable:ffd1|q           ; PC:inst6|ffd_enable:ffd2|q           ; runDebugIN   ; runDebugIN  ; 0.000        ; 0.061      ; 1.114      ;
; 0.906 ; temporizador:inst5|flip_flop_d:ff0|q ; PC:inst6|ffd_enable:ffd5|q           ; runDebugIN   ; runDebugIN  ; 0.000        ; 0.061      ; 1.124      ;
; 0.930 ; PC:inst6|ffd_enable:ffd5|q           ; PC:inst6|ffd_enable:ffd6|q           ; runDebugIN   ; runDebugIN  ; 0.000        ; 0.061      ; 1.148      ;
; 1.005 ; PC:inst6|ffd_enable:ffd2|q           ; PC:inst6|ffd_enable:ffd5|q           ; runDebugIN   ; runDebugIN  ; 0.000        ; 0.061      ; 1.223      ;
; 1.007 ; temporizador:inst5|flip_flop_d:ff1|q ; PC:inst6|ffd_enable:ffd6|q           ; runDebugIN   ; runDebugIN  ; 0.000        ; 0.061      ; 1.225      ;
; 1.049 ; temporizador:inst5|flip_flop_d:ff0|q ; PC:inst6|ffd_enable:ffd4|q           ; runDebugIN   ; runDebugIN  ; 0.000        ; 0.061      ; 1.267      ;
; 1.102 ; temporizador:inst5|flip_flop_d:ff1|q ; PC:inst6|ffd_enable:ffd4|q           ; runDebugIN   ; runDebugIN  ; 0.000        ; 0.061      ; 1.320      ;
; 1.129 ; PC:inst6|ffd_enable:ffd0|q           ; PC:inst6|ffd_enable:ffd5|q           ; runDebugIN   ; runDebugIN  ; 0.000        ; 0.061      ; 1.347      ;
; 1.147 ; PC:inst6|ffd_enable:ffd3|q           ; PC:inst6|ffd_enable:ffd6|q           ; runDebugIN   ; runDebugIN  ; 0.000        ; 0.061      ; 1.365      ;
; 1.178 ; temporizador:inst5|flip_flop_d:ff0|q ; PC:inst6|ffd_enable:ffd6|q           ; runDebugIN   ; runDebugIN  ; 0.000        ; 0.061      ; 1.396      ;
; 1.187 ; PC:inst6|ffd_enable:ffd1|q           ; PC:inst6|ffd_enable:ffd5|q           ; runDebugIN   ; runDebugIN  ; 0.000        ; 0.061      ; 1.405      ;
+-------+--------------------------------------+--------------------------------------+--------------+-------------+--------------+------------+------------+


+----------------------------------------------------------------------------------------------------------------------------------------------------------------------------------------------------------------------------------------------------------------------------------------------------+
; Slow 1200mV 85C Model Hold: 'divisor_de_frequencia:instDiv|flip_flop_d:gen_for[1].ffN|q'                                                                                                                                                                                                           ;
+-------+------------------------------------------------------------+------------------------------------------------------------+------------------------------------------------------------+------------------------------------------------------------+--------------+------------+------------+
; Slack ; From Node                                                  ; To Node                                                    ; Launch Clock                                               ; Latch Clock                                                ; Relationship ; Clock Skew ; Data Delay ;
+-------+------------------------------------------------------------+------------------------------------------------------------+------------------------------------------------------------+------------------------------------------------------------+--------------+------------+------------+
; 0.385 ; divisor_de_frequencia:instDiv|flip_flop_d:gen_for[2].ffN|q ; divisor_de_frequencia:instDiv|flip_flop_d:gen_for[2].ffN|q ; divisor_de_frequencia:instDiv|flip_flop_d:gen_for[1].ffN|q ; divisor_de_frequencia:instDiv|flip_flop_d:gen_for[1].ffN|q ; 0.000        ; 0.038      ; 0.580      ;
+-------+------------------------------------------------------------+------------------------------------------------------------+------------------------------------------------------------+------------------------------------------------------------+--------------+------------+------------+


+----------------------------------------------------------------------------------------------------------------------------+
; Slow 1200mV 85C Model Minimum Pulse Width: 'runDebugIN'                                                                    ;
+--------+--------------+----------------+------------------+------------+------------+--------------------------------------+
; Slack  ; Actual Width ; Required Width ; Type             ; Clock      ; Clock Edge ; Target                               ;
+--------+--------------+----------------+------------------+------------+------------+--------------------------------------+
; -3.000 ; 1.000        ; 4.000          ; Port Rate        ; runDebugIN ; Rise       ; runDebugIN                           ;
; -1.000 ; 1.000        ; 2.000          ; Min Period       ; runDebugIN ; Rise       ; PC:inst6|ffd_enable:ffd0|q           ;
; -1.000 ; 1.000        ; 2.000          ; Min Period       ; runDebugIN ; Rise       ; PC:inst6|ffd_enable:ffd1|q           ;
; -1.000 ; 1.000        ; 2.000          ; Min Period       ; runDebugIN ; Rise       ; PC:inst6|ffd_enable:ffd2|q           ;
; -1.000 ; 1.000        ; 2.000          ; Min Period       ; runDebugIN ; Rise       ; PC:inst6|ffd_enable:ffd3|q           ;
; -1.000 ; 1.000        ; 2.000          ; Min Period       ; runDebugIN ; Rise       ; PC:inst6|ffd_enable:ffd4|q           ;
; -1.000 ; 1.000        ; 2.000          ; Min Period       ; runDebugIN ; Rise       ; PC:inst6|ffd_enable:ffd5|q           ;
; -1.000 ; 1.000        ; 2.000          ; Min Period       ; runDebugIN ; Rise       ; PC:inst6|ffd_enable:ffd6|q           ;
; -1.000 ; 1.000        ; 2.000          ; Min Period       ; runDebugIN ; Rise       ; PC:inst6|ffd_enable:ffd7|q           ;
; -1.000 ; 1.000        ; 2.000          ; Min Period       ; runDebugIN ; Rise       ; temporizador:inst5|flip_flop_d:ff0|q ;
; -1.000 ; 1.000        ; 2.000          ; Min Period       ; runDebugIN ; Rise       ; temporizador:inst5|flip_flop_d:ff1|q ;
; 0.135  ; 0.319        ; 0.184          ; Low Pulse Width  ; runDebugIN ; Rise       ; PC:inst6|ffd_enable:ffd7|q           ;
; 0.155  ; 0.339        ; 0.184          ; Low Pulse Width  ; runDebugIN ; Rise       ; PC:inst6|ffd_enable:ffd0|q           ;
; 0.155  ; 0.339        ; 0.184          ; Low Pulse Width  ; runDebugIN ; Rise       ; PC:inst6|ffd_enable:ffd1|q           ;
; 0.155  ; 0.339        ; 0.184          ; Low Pulse Width  ; runDebugIN ; Rise       ; PC:inst6|ffd_enable:ffd2|q           ;
; 0.155  ; 0.339        ; 0.184          ; Low Pulse Width  ; runDebugIN ; Rise       ; PC:inst6|ffd_enable:ffd3|q           ;
; 0.155  ; 0.339        ; 0.184          ; Low Pulse Width  ; runDebugIN ; Rise       ; PC:inst6|ffd_enable:ffd4|q           ;
; 0.155  ; 0.339        ; 0.184          ; Low Pulse Width  ; runDebugIN ; Rise       ; PC:inst6|ffd_enable:ffd5|q           ;
; 0.155  ; 0.339        ; 0.184          ; Low Pulse Width  ; runDebugIN ; Rise       ; PC:inst6|ffd_enable:ffd6|q           ;
; 0.155  ; 0.339        ; 0.184          ; Low Pulse Width  ; runDebugIN ; Rise       ; temporizador:inst5|flip_flop_d:ff0|q ;
; 0.155  ; 0.339        ; 0.184          ; Low Pulse Width  ; runDebugIN ; Rise       ; temporizador:inst5|flip_flop_d:ff1|q ;
; 0.295  ; 0.295        ; 0.000          ; Low Pulse Width  ; runDebugIN ; Rise       ; inst6|ffd7|q|clk                     ;
; 0.315  ; 0.315        ; 0.000          ; Low Pulse Width  ; runDebugIN ; Rise       ; inst5|ff0|q|clk                      ;
; 0.315  ; 0.315        ; 0.000          ; Low Pulse Width  ; runDebugIN ; Rise       ; inst5|ff1|q|clk                      ;
; 0.315  ; 0.315        ; 0.000          ; Low Pulse Width  ; runDebugIN ; Rise       ; inst6|ffd0|q|clk                     ;
; 0.315  ; 0.315        ; 0.000          ; Low Pulse Width  ; runDebugIN ; Rise       ; inst6|ffd1|q|clk                     ;
; 0.315  ; 0.315        ; 0.000          ; Low Pulse Width  ; runDebugIN ; Rise       ; inst6|ffd2|q|clk                     ;
; 0.315  ; 0.315        ; 0.000          ; Low Pulse Width  ; runDebugIN ; Rise       ; inst6|ffd3|q|clk                     ;
; 0.315  ; 0.315        ; 0.000          ; Low Pulse Width  ; runDebugIN ; Rise       ; inst6|ffd4|q|clk                     ;
; 0.315  ; 0.315        ; 0.000          ; Low Pulse Width  ; runDebugIN ; Rise       ; inst6|ffd5|q|clk                     ;
; 0.315  ; 0.315        ; 0.000          ; Low Pulse Width  ; runDebugIN ; Rise       ; inst6|ffd6|q|clk                     ;
; 0.324  ; 0.324        ; 0.000          ; Low Pulse Width  ; runDebugIN ; Rise       ; inst7|clkOut~clkctrl|inclk[0]        ;
; 0.324  ; 0.324        ; 0.000          ; Low Pulse Width  ; runDebugIN ; Rise       ; inst7|clkOut~clkctrl|outclk          ;
; 0.332  ; 0.332        ; 0.000          ; Low Pulse Width  ; runDebugIN ; Rise       ; inst7|clkOut|combout                 ;
; 0.332  ; 0.332        ; 0.000          ; Low Pulse Width  ; runDebugIN ; Rise       ; inst7|clkOut|datac                   ;
; 0.339  ; 0.339        ; 0.000          ; Low Pulse Width  ; runDebugIN ; Rise       ; runDebugIN~input|o                   ;
; 0.443  ; 0.659        ; 0.216          ; High Pulse Width ; runDebugIN ; Rise       ; PC:inst6|ffd_enable:ffd0|q           ;
; 0.443  ; 0.659        ; 0.216          ; High Pulse Width ; runDebugIN ; Rise       ; PC:inst6|ffd_enable:ffd1|q           ;
; 0.443  ; 0.659        ; 0.216          ; High Pulse Width ; runDebugIN ; Rise       ; PC:inst6|ffd_enable:ffd2|q           ;
; 0.443  ; 0.659        ; 0.216          ; High Pulse Width ; runDebugIN ; Rise       ; PC:inst6|ffd_enable:ffd3|q           ;
; 0.443  ; 0.659        ; 0.216          ; High Pulse Width ; runDebugIN ; Rise       ; PC:inst6|ffd_enable:ffd4|q           ;
; 0.443  ; 0.659        ; 0.216          ; High Pulse Width ; runDebugIN ; Rise       ; PC:inst6|ffd_enable:ffd5|q           ;
; 0.443  ; 0.659        ; 0.216          ; High Pulse Width ; runDebugIN ; Rise       ; PC:inst6|ffd_enable:ffd6|q           ;
; 0.443  ; 0.659        ; 0.216          ; High Pulse Width ; runDebugIN ; Rise       ; temporizador:inst5|flip_flop_d:ff0|q ;
; 0.443  ; 0.659        ; 0.216          ; High Pulse Width ; runDebugIN ; Rise       ; temporizador:inst5|flip_flop_d:ff1|q ;
; 0.464  ; 0.680        ; 0.216          ; High Pulse Width ; runDebugIN ; Rise       ; PC:inst6|ffd_enable:ffd7|q           ;
; 0.500  ; 0.500        ; 0.000          ; High Pulse Width ; runDebugIN ; Rise       ; runDebugIN~input|i                   ;
; 0.500  ; 0.500        ; 0.000          ; Low Pulse Width  ; runDebugIN ; Rise       ; runDebugIN~input|i                   ;
; 0.661  ; 0.661        ; 0.000          ; High Pulse Width ; runDebugIN ; Rise       ; runDebugIN~input|o                   ;
; 0.665  ; 0.665        ; 0.000          ; High Pulse Width ; runDebugIN ; Rise       ; inst7|clkOut|combout                 ;
; 0.666  ; 0.666        ; 0.000          ; High Pulse Width ; runDebugIN ; Rise       ; inst7|clkOut|datac                   ;
; 0.672  ; 0.672        ; 0.000          ; High Pulse Width ; runDebugIN ; Rise       ; inst7|clkOut~clkctrl|inclk[0]        ;
; 0.672  ; 0.672        ; 0.000          ; High Pulse Width ; runDebugIN ; Rise       ; inst7|clkOut~clkctrl|outclk          ;
; 0.681  ; 0.681        ; 0.000          ; High Pulse Width ; runDebugIN ; Rise       ; inst5|ff0|q|clk                      ;
; 0.681  ; 0.681        ; 0.000          ; High Pulse Width ; runDebugIN ; Rise       ; inst5|ff1|q|clk                      ;
; 0.681  ; 0.681        ; 0.000          ; High Pulse Width ; runDebugIN ; Rise       ; inst6|ffd0|q|clk                     ;
; 0.681  ; 0.681        ; 0.000          ; High Pulse Width ; runDebugIN ; Rise       ; inst6|ffd1|q|clk                     ;
; 0.681  ; 0.681        ; 0.000          ; High Pulse Width ; runDebugIN ; Rise       ; inst6|ffd2|q|clk                     ;
; 0.681  ; 0.681        ; 0.000          ; High Pulse Width ; runDebugIN ; Rise       ; inst6|ffd3|q|clk                     ;
; 0.681  ; 0.681        ; 0.000          ; High Pulse Width ; runDebugIN ; Rise       ; inst6|ffd4|q|clk                     ;
; 0.681  ; 0.681        ; 0.000          ; High Pulse Width ; runDebugIN ; Rise       ; inst6|ffd5|q|clk                     ;
; 0.681  ; 0.681        ; 0.000          ; High Pulse Width ; runDebugIN ; Rise       ; inst6|ffd6|q|clk                     ;
; 0.702  ; 0.702        ; 0.000          ; High Pulse Width ; runDebugIN ; Rise       ; inst6|ffd7|q|clk                     ;
+--------+--------------+----------------+------------------+------------+------------+--------------------------------------+


+----------------------------------------------------------------------------------------------------------------------------------+
; Slow 1200mV 85C Model Minimum Pulse Width: 'clkIN'                                                                               ;
+--------+--------------+----------------+------------------+-------+------------+-------------------------------------------------+
; Slack  ; Actual Width ; Required Width ; Type             ; Clock ; Clock Edge ; Target                                          ;
+--------+--------------+----------------+------------------+-------+------------+-------------------------------------------------+
; -3.000 ; 1.000        ; 4.000          ; Port Rate        ; clkIN ; Rise       ; clkIN                                           ;
; -1.000 ; 1.000        ; 2.000          ; Min Period       ; clkIN ; Rise       ; divisor_de_frequencia:instDiv|flip_flop_d:ff0|q ;
; 0.270  ; 0.454        ; 0.184          ; Low Pulse Width  ; clkIN ; Rise       ; divisor_de_frequencia:instDiv|flip_flop_d:ff0|q ;
; 0.328  ; 0.544        ; 0.216          ; High Pulse Width ; clkIN ; Rise       ; divisor_de_frequencia:instDiv|flip_flop_d:ff0|q ;
; 0.339  ; 0.339        ; 0.000          ; Low Pulse Width  ; clkIN ; Rise       ; clkIN~input|o                                   ;
; 0.430  ; 0.430        ; 0.000          ; Low Pulse Width  ; clkIN ; Rise       ; instDiv|ff0|q|clk                               ;
; 0.500  ; 0.500        ; 0.000          ; High Pulse Width ; clkIN ; Rise       ; clkIN~input|i                                   ;
; 0.500  ; 0.500        ; 0.000          ; Low Pulse Width  ; clkIN ; Rise       ; clkIN~input|i                                   ;
; 0.566  ; 0.566        ; 0.000          ; High Pulse Width ; clkIN ; Rise       ; instDiv|ff0|q|clk                               ;
; 0.661  ; 0.661        ; 0.000          ; High Pulse Width ; clkIN ; Rise       ; clkIN~input|o                                   ;
+--------+--------------+----------------+------------------+-------+------------+-------------------------------------------------+


+---------------------------------------------------------------------------------------------------------------------------------------------------------------------------------------+
; Slow 1200mV 85C Model Minimum Pulse Width: 'divisor_de_frequencia:instDiv|flip_flop_d:ff0|q'                                                                                          ;
+--------+--------------+----------------+------------------+-------------------------------------------------+------------+------------------------------------------------------------+
; Slack  ; Actual Width ; Required Width ; Type             ; Clock                                           ; Clock Edge ; Target                                                     ;
+--------+--------------+----------------+------------------+-------------------------------------------------+------------+------------------------------------------------------------+
; -1.000 ; 1.000        ; 2.000          ; Min Period       ; divisor_de_frequencia:instDiv|flip_flop_d:ff0|q ; Rise       ; divisor_de_frequencia:instDiv|flip_flop_d:gen_for[0].ffN|q ;
; 0.265  ; 0.449        ; 0.184          ; Low Pulse Width  ; divisor_de_frequencia:instDiv|flip_flop_d:ff0|q ; Rise       ; divisor_de_frequencia:instDiv|flip_flop_d:gen_for[0].ffN|q ;
; 0.330  ; 0.546        ; 0.216          ; High Pulse Width ; divisor_de_frequencia:instDiv|flip_flop_d:ff0|q ; Rise       ; divisor_de_frequencia:instDiv|flip_flop_d:gen_for[0].ffN|q ;
; 0.427  ; 0.427        ; 0.000          ; Low Pulse Width  ; divisor_de_frequencia:instDiv|flip_flop_d:ff0|q ; Rise       ; instDiv|gen_for[0].ffN|q|clk                               ;
; 0.500  ; 0.500        ; 0.000          ; High Pulse Width ; divisor_de_frequencia:instDiv|flip_flop_d:ff0|q ; Rise       ; instDiv|ff0|q|q                                            ;
; 0.500  ; 0.500        ; 0.000          ; Low Pulse Width  ; divisor_de_frequencia:instDiv|flip_flop_d:ff0|q ; Rise       ; instDiv|ff0|q|q                                            ;
; 0.570  ; 0.570        ; 0.000          ; High Pulse Width ; divisor_de_frequencia:instDiv|flip_flop_d:ff0|q ; Rise       ; instDiv|gen_for[0].ffN|q|clk                               ;
+--------+--------------+----------------+------------------+-------------------------------------------------+------------+------------------------------------------------------------+


+--------------------------------------------------------------------------------------------------------------------------------------------------------------------------------------------------+
; Slow 1200mV 85C Model Minimum Pulse Width: 'divisor_de_frequencia:instDiv|flip_flop_d:gen_for[0].ffN|q'                                                                                          ;
+--------+--------------+----------------+------------------+------------------------------------------------------------+------------+------------------------------------------------------------+
; Slack  ; Actual Width ; Required Width ; Type             ; Clock                                                      ; Clock Edge ; Target                                                     ;
+--------+--------------+----------------+------------------+------------------------------------------------------------+------------+------------------------------------------------------------+
; -1.000 ; 1.000        ; 2.000          ; Min Period       ; divisor_de_frequencia:instDiv|flip_flop_d:gen_for[0].ffN|q ; Rise       ; divisor_de_frequencia:instDiv|flip_flop_d:gen_for[1].ffN|q ;
; 0.284  ; 0.468        ; 0.184          ; Low Pulse Width  ; divisor_de_frequencia:instDiv|flip_flop_d:gen_for[0].ffN|q ; Rise       ; divisor_de_frequencia:instDiv|flip_flop_d:gen_for[1].ffN|q ;
; 0.312  ; 0.528        ; 0.216          ; High Pulse Width ; divisor_de_frequencia:instDiv|flip_flop_d:gen_for[0].ffN|q ; Rise       ; divisor_de_frequencia:instDiv|flip_flop_d:gen_for[1].ffN|q ;
; 0.446  ; 0.446        ; 0.000          ; Low Pulse Width  ; divisor_de_frequencia:instDiv|flip_flop_d:gen_for[0].ffN|q ; Rise       ; instDiv|gen_for[1].ffN|q|clk                               ;
; 0.500  ; 0.500        ; 0.000          ; High Pulse Width ; divisor_de_frequencia:instDiv|flip_flop_d:gen_for[0].ffN|q ; Rise       ; instDiv|gen_for[0].ffN|q|q                                 ;
; 0.500  ; 0.500        ; 0.000          ; Low Pulse Width  ; divisor_de_frequencia:instDiv|flip_flop_d:gen_for[0].ffN|q ; Rise       ; instDiv|gen_for[0].ffN|q|q                                 ;
; 0.552  ; 0.552        ; 0.000          ; High Pulse Width ; divisor_de_frequencia:instDiv|flip_flop_d:gen_for[0].ffN|q ; Rise       ; instDiv|gen_for[1].ffN|q|clk                               ;
+--------+--------------+----------------+------------------+------------------------------------------------------------+------------+------------------------------------------------------------+


+--------------------------------------------------------------------------------------------------------------------------------------------------------------------------------------------------+
; Slow 1200mV 85C Model Minimum Pulse Width: 'divisor_de_frequencia:instDiv|flip_flop_d:gen_for[1].ffN|q'                                                                                          ;
+--------+--------------+----------------+------------------+------------------------------------------------------------+------------+------------------------------------------------------------+
; Slack  ; Actual Width ; Required Width ; Type             ; Clock                                                      ; Clock Edge ; Target                                                     ;
+--------+--------------+----------------+------------------+------------------------------------------------------------+------------+------------------------------------------------------------+
; -1.000 ; 1.000        ; 2.000          ; Min Period       ; divisor_de_frequencia:instDiv|flip_flop_d:gen_for[1].ffN|q ; Rise       ; divisor_de_frequencia:instDiv|flip_flop_d:gen_for[2].ffN|q ;
; 0.261  ; 0.445        ; 0.184          ; Low Pulse Width  ; divisor_de_frequencia:instDiv|flip_flop_d:gen_for[1].ffN|q ; Rise       ; divisor_de_frequencia:instDiv|flip_flop_d:gen_for[2].ffN|q ;
; 0.333  ; 0.549        ; 0.216          ; High Pulse Width ; divisor_de_frequencia:instDiv|flip_flop_d:gen_for[1].ffN|q ; Rise       ; divisor_de_frequencia:instDiv|flip_flop_d:gen_for[2].ffN|q ;
; 0.423  ; 0.423        ; 0.000          ; Low Pulse Width  ; divisor_de_frequencia:instDiv|flip_flop_d:gen_for[1].ffN|q ; Rise       ; instDiv|gen_for[2].ffN|q|clk                               ;
; 0.500  ; 0.500        ; 0.000          ; High Pulse Width ; divisor_de_frequencia:instDiv|flip_flop_d:gen_for[1].ffN|q ; Rise       ; instDiv|gen_for[1].ffN|q|q                                 ;
; 0.500  ; 0.500        ; 0.000          ; Low Pulse Width  ; divisor_de_frequencia:instDiv|flip_flop_d:gen_for[1].ffN|q ; Rise       ; instDiv|gen_for[1].ffN|q|q                                 ;
; 0.573  ; 0.573        ; 0.000          ; High Pulse Width ; divisor_de_frequencia:instDiv|flip_flop_d:gen_for[1].ffN|q ; Rise       ; instDiv|gen_for[2].ffN|q|clk                               ;
+--------+--------------+----------------+------------------+------------------------------------------------------------+------------+------------------------------------------------------------+


+-----------------------------------------------------------------------+
; Clock to Output Times                                                 ;
+-----------+------------+-------+-------+------------+-----------------+
; Data Port ; Clock Port ; Rise  ; Fall  ; Clock Edge ; Clock Reference ;
+-----------+------------+-------+-------+------------+-----------------+
; PC_0A     ; runDebugIN ; 8.062 ; 8.001 ; Rise       ; runDebugIN      ;
; PC_0B     ; runDebugIN ; 8.037 ; 8.019 ; Rise       ; runDebugIN      ;
; PC_0C     ; runDebugIN ; 8.311 ; 8.244 ; Rise       ; runDebugIN      ;
; PC_0D     ; runDebugIN ; 8.057 ; 8.024 ; Rise       ; runDebugIN      ;
; PC_0E     ; runDebugIN ; 8.095 ; 7.960 ; Rise       ; runDebugIN      ;
; PC_0F     ; runDebugIN ; 8.042 ; 8.112 ; Rise       ; runDebugIN      ;
; PC_0G     ; runDebugIN ; 8.496 ; 8.339 ; Rise       ; runDebugIN      ;
; PC_1A     ; runDebugIN ; 8.463 ; 8.366 ; Rise       ; runDebugIN      ;
; PC_1B     ; runDebugIN ; 8.402 ; 8.347 ; Rise       ; runDebugIN      ;
; PC_1C     ; runDebugIN ; 8.404 ; 8.297 ; Rise       ; runDebugIN      ;
; PC_1D     ; runDebugIN ; 8.458 ; 8.332 ; Rise       ; runDebugIN      ;
; PC_1E     ; runDebugIN ; 8.236 ; 8.113 ; Rise       ; runDebugIN      ;
; PC_1F     ; runDebugIN ; 8.176 ; 8.200 ; Rise       ; runDebugIN      ;
; PC_1G     ; runDebugIN ; 8.392 ; 8.246 ; Rise       ; runDebugIN      ;
; t0Output  ; runDebugIN ; 8.241 ; 8.268 ; Rise       ; runDebugIN      ;
; t1Output  ; runDebugIN ; 8.067 ; 7.954 ; Rise       ; runDebugIN      ;
; t2Output  ; runDebugIN ; 7.865 ; 7.757 ; Rise       ; runDebugIN      ;
; t3Output  ; runDebugIN ; 7.807 ; 7.839 ; Rise       ; runDebugIN      ;
+-----------+------------+-------+-------+------------+-----------------+


+-----------------------------------------------------------------------+
; Minimum Clock to Output Times                                         ;
+-----------+------------+-------+-------+------------+-----------------+
; Data Port ; Clock Port ; Rise  ; Fall  ; Clock Edge ; Clock Reference ;
+-----------+------------+-------+-------+------------+-----------------+
; PC_0A     ; runDebugIN ; 7.521 ; 7.441 ; Rise       ; runDebugIN      ;
; PC_0B     ; runDebugIN ; 7.532 ; 7.509 ; Rise       ; runDebugIN      ;
; PC_0C     ; runDebugIN ; 7.736 ; 7.667 ; Rise       ; runDebugIN      ;
; PC_0D     ; runDebugIN ; 7.506 ; 7.433 ; Rise       ; runDebugIN      ;
; PC_0E     ; runDebugIN ; 7.536 ; 7.461 ; Rise       ; runDebugIN      ;
; PC_0F     ; runDebugIN ; 7.477 ; 7.551 ; Rise       ; runDebugIN      ;
; PC_0G     ; runDebugIN ; 7.917 ; 7.822 ; Rise       ; runDebugIN      ;
; PC_1A     ; runDebugIN ; 7.531 ; 7.449 ; Rise       ; runDebugIN      ;
; PC_1B     ; runDebugIN ; 7.516 ; 7.486 ; Rise       ; runDebugIN      ;
; PC_1C     ; runDebugIN ; 7.516 ; 7.430 ; Rise       ; runDebugIN      ;
; PC_1D     ; runDebugIN ; 7.518 ; 7.435 ; Rise       ; runDebugIN      ;
; PC_1E     ; runDebugIN ; 7.321 ; 7.248 ; Rise       ; runDebugIN      ;
; PC_1F     ; runDebugIN ; 7.253 ; 7.328 ; Rise       ; runDebugIN      ;
; PC_1G     ; runDebugIN ; 7.467 ; 7.379 ; Rise       ; runDebugIN      ;
; t0Output  ; runDebugIN ; 7.908 ; 7.953 ; Rise       ; runDebugIN      ;
; t1Output  ; runDebugIN ; 7.770 ; 7.670 ; Rise       ; runDebugIN      ;
; t2Output  ; runDebugIN ; 7.539 ; 7.503 ; Rise       ; runDebugIN      ;
; t3Output  ; runDebugIN ; 7.446 ; 7.450 ; Rise       ; runDebugIN      ;
+-----------+------------+-------+-------+------------+-----------------+


----------------------------------------------
; Slow 1200mV 85C Model Metastability Report ;
----------------------------------------------
No synchronizer chains to report.


+------------------------------------------------------------------------------------------------------------------------------------------------------------+
; Slow 1200mV 0C Model Fmax Summary                                                                                                                          ;
+-------------+-----------------+------------------------------------------------------------+---------------------------------------------------------------+
; Fmax        ; Restricted Fmax ; Clock Name                                                 ; Note                                                          ;
+-------------+-----------------+------------------------------------------------------------+---------------------------------------------------------------+
; 668.9 MHz   ; 250.0 MHz       ; runDebugIN                                                 ; limit due to minimum period restriction (max I/O toggle rate) ;
; 1661.13 MHz ; 500.0 MHz       ; divisor_de_frequencia:instDiv|flip_flop_d:gen_for[1].ffN|q ; limit due to minimum period restriction (tmin)                ;
+-------------+-----------------+------------------------------------------------------------+---------------------------------------------------------------+
This panel reports FMAX for every clock in the design, regardless of the user-specified clock periods.  FMAX is only computed for paths where the source and destination registers or ports are driven by the same clock.  Paths of different clocks, including generated clocks, are ignored.  For paths between a clock and its inversion, FMAX is computed as if the rising and falling edges are scaled along with FMAX, such that the duty cycle (in terms of a percentage) is maintained. Altera recommends that you always use clock constraints and other slack reports for sign-off analysis.


+-------------------------------------------------------------------------------------+
; Slow 1200mV 0C Model Setup Summary                                                  ;
+------------------------------------------------------------+--------+---------------+
; Clock                                                      ; Slack  ; End Point TNS ;
+------------------------------------------------------------+--------+---------------+
; runDebugIN                                                 ; -0.495 ; -1.866        ;
; divisor_de_frequencia:instDiv|flip_flop_d:gen_for[0].ffN|q ; 0.118  ; 0.000         ;
; divisor_de_frequencia:instDiv|flip_flop_d:ff0|q            ; 0.236  ; 0.000         ;
; clkIN                                                      ; 0.294  ; 0.000         ;
; divisor_de_frequencia:instDiv|flip_flop_d:gen_for[1].ffN|q ; 0.398  ; 0.000         ;
+------------------------------------------------------------+--------+---------------+


+-------------------------------------------------------------------------------------+
; Slow 1200mV 0C Model Hold Summary                                                   ;
+------------------------------------------------------------+--------+---------------+
; Clock                                                      ; Slack  ; End Point TNS ;
+------------------------------------------------------------+--------+---------------+
; clkIN                                                      ; -0.304 ; -0.304        ;
; divisor_de_frequencia:instDiv|flip_flop_d:gen_for[0].ffN|q ; -0.015 ; -0.015        ;
; divisor_de_frequencia:instDiv|flip_flop_d:ff0|q            ; 0.012  ; 0.000         ;
; runDebugIN                                                 ; 0.300  ; 0.000         ;
; divisor_de_frequencia:instDiv|flip_flop_d:gen_for[1].ffN|q ; 0.341  ; 0.000         ;
+------------------------------------------------------------+--------+---------------+


-----------------------------------------
; Slow 1200mV 0C Model Recovery Summary ;
-----------------------------------------
No paths to report.


----------------------------------------
; Slow 1200mV 0C Model Removal Summary ;
----------------------------------------
No paths to report.


+-------------------------------------------------------------------------------------+
; Slow 1200mV 0C Model Minimum Pulse Width Summary                                    ;
+------------------------------------------------------------+--------+---------------+
; Clock                                                      ; Slack  ; End Point TNS ;
+------------------------------------------------------------+--------+---------------+
; runDebugIN                                                 ; -3.000 ; -13.000       ;
; clkIN                                                      ; -3.000 ; -4.000        ;
; divisor_de_frequencia:instDiv|flip_flop_d:ff0|q            ; -1.000 ; -1.000        ;
; divisor_de_frequencia:instDiv|flip_flop_d:gen_for[0].ffN|q ; -1.000 ; -1.000        ;
; divisor_de_frequencia:instDiv|flip_flop_d:gen_for[1].ffN|q ; -1.000 ; -1.000        ;
+------------------------------------------------------------+--------+---------------+


+------------------------------------------------------------------------------------------------------------------------------------------------------------+
; Slow 1200mV 0C Model Setup: 'runDebugIN'                                                                                                                   ;
+--------+--------------------------------------+--------------------------------------+--------------+-------------+--------------+------------+------------+
; Slack  ; From Node                            ; To Node                              ; Launch Clock ; Latch Clock ; Relationship ; Clock Skew ; Data Delay ;
+--------+--------------------------------------+--------------------------------------+--------------+-------------+--------------+------------+------------+
; -0.495 ; PC:inst6|ffd_enable:ffd1|q           ; PC:inst6|ffd_enable:ffd5|q           ; runDebugIN   ; runDebugIN  ; 1.000        ; -0.054     ; 1.436      ;
; -0.434 ; PC:inst6|ffd_enable:ffd0|q           ; PC:inst6|ffd_enable:ffd5|q           ; runDebugIN   ; runDebugIN  ; 1.000        ; -0.054     ; 1.375      ;
; -0.430 ; temporizador:inst5|flip_flop_d:ff0|q ; PC:inst6|ffd_enable:ffd6|q           ; runDebugIN   ; runDebugIN  ; 1.000        ; -0.054     ; 1.371      ;
; -0.394 ; PC:inst6|ffd_enable:ffd3|q           ; PC:inst6|ffd_enable:ffd6|q           ; runDebugIN   ; runDebugIN  ; 1.000        ; -0.054     ; 1.335      ;
; -0.369 ; temporizador:inst5|flip_flop_d:ff1|q ; PC:inst6|ffd_enable:ffd6|q           ; runDebugIN   ; runDebugIN  ; 1.000        ; -0.054     ; 1.310      ;
; -0.362 ; temporizador:inst5|flip_flop_d:ff1|q ; PC:inst6|ffd_enable:ffd4|q           ; runDebugIN   ; runDebugIN  ; 1.000        ; -0.054     ; 1.303      ;
; -0.346 ; temporizador:inst5|flip_flop_d:ff0|q ; PC:inst6|ffd_enable:ffd4|q           ; runDebugIN   ; runDebugIN  ; 1.000        ; -0.054     ; 1.287      ;
; -0.287 ; PC:inst6|ffd_enable:ffd2|q           ; PC:inst6|ffd_enable:ffd5|q           ; runDebugIN   ; runDebugIN  ; 1.000        ; -0.054     ; 1.228      ;
; -0.237 ; temporizador:inst5|flip_flop_d:ff0|q ; PC:inst6|ffd_enable:ffd5|q           ; runDebugIN   ; runDebugIN  ; 1.000        ; -0.054     ; 1.178      ;
; -0.211 ; PC:inst6|ffd_enable:ffd3|q           ; PC:inst6|ffd_enable:ffd5|q           ; runDebugIN   ; runDebugIN  ; 1.000        ; -0.054     ; 1.152      ;
; -0.210 ; PC:inst6|ffd_enable:ffd1|q           ; PC:inst6|ffd_enable:ffd4|q           ; runDebugIN   ; runDebugIN  ; 1.000        ; -0.054     ; 1.151      ;
; -0.207 ; PC:inst6|ffd_enable:ffd1|q           ; PC:inst6|ffd_enable:ffd3|q           ; runDebugIN   ; runDebugIN  ; 1.000        ; -0.054     ; 1.148      ;
; -0.207 ; PC:inst6|ffd_enable:ffd1|q           ; PC:inst6|ffd_enable:ffd6|q           ; runDebugIN   ; runDebugIN  ; 1.000        ; -0.054     ; 1.148      ;
; -0.191 ; PC:inst6|ffd_enable:ffd1|q           ; PC:inst6|ffd_enable:ffd2|q           ; runDebugIN   ; runDebugIN  ; 1.000        ; -0.054     ; 1.132      ;
; -0.184 ; PC:inst6|ffd_enable:ffd5|q           ; PC:inst6|ffd_enable:ffd6|q           ; runDebugIN   ; runDebugIN  ; 1.000        ; -0.054     ; 1.125      ;
; -0.181 ; PC:inst6|ffd_enable:ffd1|q           ; PC:inst6|ffd_enable:ffd7|q           ; runDebugIN   ; runDebugIN  ; 1.000        ; 0.263      ; 1.439      ;
; -0.158 ; temporizador:inst5|flip_flop_d:ff1|q ; PC:inst6|ffd_enable:ffd2|q           ; runDebugIN   ; runDebugIN  ; 1.000        ; -0.054     ; 1.099      ;
; -0.151 ; PC:inst6|ffd_enable:ffd4|q           ; PC:inst6|ffd_enable:ffd7|q           ; runDebugIN   ; runDebugIN  ; 1.000        ; 0.263      ; 1.409      ;
; -0.149 ; PC:inst6|ffd_enable:ffd0|q           ; PC:inst6|ffd_enable:ffd4|q           ; runDebugIN   ; runDebugIN  ; 1.000        ; -0.054     ; 1.090      ;
; -0.146 ; PC:inst6|ffd_enable:ffd0|q           ; PC:inst6|ffd_enable:ffd3|q           ; runDebugIN   ; runDebugIN  ; 1.000        ; -0.054     ; 1.087      ;
; -0.146 ; PC:inst6|ffd_enable:ffd0|q           ; PC:inst6|ffd_enable:ffd6|q           ; runDebugIN   ; runDebugIN  ; 1.000        ; -0.054     ; 1.087      ;
; -0.139 ; temporizador:inst5|flip_flop_d:ff0|q ; PC:inst6|ffd_enable:ffd2|q           ; runDebugIN   ; runDebugIN  ; 1.000        ; -0.054     ; 1.080      ;
; -0.138 ; temporizador:inst5|flip_flop_d:ff1|q ; PC:inst6|ffd_enable:ffd5|q           ; runDebugIN   ; runDebugIN  ; 1.000        ; -0.054     ; 1.079      ;
; -0.120 ; PC:inst6|ffd_enable:ffd0|q           ; PC:inst6|ffd_enable:ffd7|q           ; runDebugIN   ; runDebugIN  ; 1.000        ; 0.263      ; 1.378      ;
; -0.080 ; PC:inst6|ffd_enable:ffd6|q           ; PC:inst6|ffd_enable:ffd7|q           ; runDebugIN   ; runDebugIN  ; 1.000        ; 0.263      ; 1.338      ;
; -0.059 ; PC:inst6|ffd_enable:ffd4|q           ; PC:inst6|ffd_enable:ffd5|q           ; runDebugIN   ; runDebugIN  ; 1.000        ; -0.054     ; 1.000      ;
; -0.053 ; PC:inst6|ffd_enable:ffd0|q           ; PC:inst6|ffd_enable:ffd2|q           ; runDebugIN   ; runDebugIN  ; 1.000        ; -0.054     ; 0.994      ;
; -0.034 ; PC:inst6|ffd_enable:ffd3|q           ; PC:inst6|ffd_enable:ffd4|q           ; runDebugIN   ; runDebugIN  ; 1.000        ; -0.054     ; 0.975      ;
; -0.002 ; PC:inst6|ffd_enable:ffd2|q           ; PC:inst6|ffd_enable:ffd4|q           ; runDebugIN   ; runDebugIN  ; 1.000        ; -0.054     ; 0.943      ;
; 0.001  ; PC:inst6|ffd_enable:ffd2|q           ; PC:inst6|ffd_enable:ffd3|q           ; runDebugIN   ; runDebugIN  ; 1.000        ; -0.054     ; 0.940      ;
; 0.001  ; PC:inst6|ffd_enable:ffd2|q           ; PC:inst6|ffd_enable:ffd6|q           ; runDebugIN   ; runDebugIN  ; 1.000        ; -0.054     ; 0.940      ;
; 0.025  ; temporizador:inst5|flip_flop_d:ff1|q ; PC:inst6|ffd_enable:ffd1|q           ; runDebugIN   ; runDebugIN  ; 1.000        ; -0.054     ; 0.916      ;
; 0.025  ; temporizador:inst5|flip_flop_d:ff1|q ; PC:inst6|ffd_enable:ffd0|q           ; runDebugIN   ; runDebugIN  ; 1.000        ; -0.054     ; 0.916      ;
; 0.027  ; PC:inst6|ffd_enable:ffd2|q           ; PC:inst6|ffd_enable:ffd7|q           ; runDebugIN   ; runDebugIN  ; 1.000        ; 0.263      ; 1.231      ;
; 0.031  ; temporizador:inst5|flip_flop_d:ff1|q ; PC:inst6|ffd_enable:ffd3|q           ; runDebugIN   ; runDebugIN  ; 1.000        ; -0.054     ; 0.910      ;
; 0.075  ; temporizador:inst5|flip_flop_d:ff0|q ; PC:inst6|ffd_enable:ffd1|q           ; runDebugIN   ; runDebugIN  ; 1.000        ; -0.054     ; 0.866      ;
; 0.077  ; temporizador:inst5|flip_flop_d:ff0|q ; PC:inst6|ffd_enable:ffd3|q           ; runDebugIN   ; runDebugIN  ; 1.000        ; -0.054     ; 0.864      ;
; 0.077  ; temporizador:inst5|flip_flop_d:ff0|q ; PC:inst6|ffd_enable:ffd7|q           ; runDebugIN   ; runDebugIN  ; 1.000        ; 0.263      ; 1.181      ;
; 0.103  ; PC:inst6|ffd_enable:ffd3|q           ; PC:inst6|ffd_enable:ffd7|q           ; runDebugIN   ; runDebugIN  ; 1.000        ; 0.263      ; 1.155      ;
; 0.113  ; PC:inst6|ffd_enable:ffd4|q           ; PC:inst6|ffd_enable:ffd6|q           ; runDebugIN   ; runDebugIN  ; 1.000        ; -0.054     ; 0.828      ;
; 0.117  ; PC:inst6|ffd_enable:ffd5|q           ; PC:inst6|ffd_enable:ffd7|q           ; runDebugIN   ; runDebugIN  ; 1.000        ; 0.263      ; 1.141      ;
; 0.160  ; PC:inst6|ffd_enable:ffd0|q           ; PC:inst6|ffd_enable:ffd1|q           ; runDebugIN   ; runDebugIN  ; 1.000        ; -0.054     ; 0.781      ;
; 0.164  ; temporizador:inst5|flip_flop_d:ff0|q ; temporizador:inst5|flip_flop_d:ff1|q ; runDebugIN   ; runDebugIN  ; 1.000        ; -0.054     ; 0.777      ;
; 0.168  ; temporizador:inst5|flip_flop_d:ff0|q ; PC:inst6|ffd_enable:ffd0|q           ; runDebugIN   ; runDebugIN  ; 1.000        ; -0.054     ; 0.773      ;
; 0.178  ; temporizador:inst5|flip_flop_d:ff1|q ; PC:inst6|ffd_enable:ffd7|q           ; runDebugIN   ; runDebugIN  ; 1.000        ; 0.263      ; 1.080      ;
; 0.345  ; PC:inst6|ffd_enable:ffd7|q           ; PC:inst6|ffd_enable:ffd7|q           ; runDebugIN   ; runDebugIN  ; 1.000        ; -0.067     ; 0.583      ;
; 0.358  ; temporizador:inst5|flip_flop_d:ff0|q ; temporizador:inst5|flip_flop_d:ff0|q ; runDebugIN   ; runDebugIN  ; 1.000        ; -0.054     ; 0.583      ;
; 0.358  ; PC:inst6|ffd_enable:ffd5|q           ; PC:inst6|ffd_enable:ffd5|q           ; runDebugIN   ; runDebugIN  ; 1.000        ; -0.054     ; 0.583      ;
; 0.358  ; PC:inst6|ffd_enable:ffd6|q           ; PC:inst6|ffd_enable:ffd6|q           ; runDebugIN   ; runDebugIN  ; 1.000        ; -0.054     ; 0.583      ;
; 0.358  ; PC:inst6|ffd_enable:ffd4|q           ; PC:inst6|ffd_enable:ffd4|q           ; runDebugIN   ; runDebugIN  ; 1.000        ; -0.054     ; 0.583      ;
; 0.358  ; PC:inst6|ffd_enable:ffd3|q           ; PC:inst6|ffd_enable:ffd3|q           ; runDebugIN   ; runDebugIN  ; 1.000        ; -0.054     ; 0.583      ;
; 0.358  ; PC:inst6|ffd_enable:ffd2|q           ; PC:inst6|ffd_enable:ffd2|q           ; runDebugIN   ; runDebugIN  ; 1.000        ; -0.054     ; 0.583      ;
; 0.358  ; PC:inst6|ffd_enable:ffd1|q           ; PC:inst6|ffd_enable:ffd1|q           ; runDebugIN   ; runDebugIN  ; 1.000        ; -0.054     ; 0.583      ;
; 0.358  ; PC:inst6|ffd_enable:ffd0|q           ; PC:inst6|ffd_enable:ffd0|q           ; runDebugIN   ; runDebugIN  ; 1.000        ; -0.054     ; 0.583      ;
; 0.358  ; temporizador:inst5|flip_flop_d:ff1|q ; temporizador:inst5|flip_flop_d:ff1|q ; runDebugIN   ; runDebugIN  ; 1.000        ; -0.054     ; 0.583      ;
+--------+--------------------------------------+--------------------------------------+--------------+-------------+--------------+------------+------------+


+----------------------------------------------------------------------------------------------------------------------------------------------------------------------------------------------------------------------------------------------------------------------------------------------------+
; Slow 1200mV 0C Model Setup: 'divisor_de_frequencia:instDiv|flip_flop_d:gen_for[0].ffN|q'                                                                                                                                                                                                           ;
+-------+------------------------------------------------------------+------------------------------------------------------------+------------------------------------------------------------+------------------------------------------------------------+--------------+------------+------------+
; Slack ; From Node                                                  ; To Node                                                    ; Launch Clock                                               ; Latch Clock                                                ; Relationship ; Clock Skew ; Data Delay ;
+-------+------------------------------------------------------------+------------------------------------------------------------+------------------------------------------------------------+------------------------------------------------------------+--------------+------------+------------+
; 0.118 ; divisor_de_frequencia:instDiv|flip_flop_d:gen_for[1].ffN|q ; divisor_de_frequencia:instDiv|flip_flop_d:gen_for[1].ffN|q ; divisor_de_frequencia:instDiv|flip_flop_d:gen_for[1].ffN|q ; divisor_de_frequencia:instDiv|flip_flop_d:gen_for[0].ffN|q ; 0.500        ; 0.806      ; 1.383      ;
; 0.638 ; divisor_de_frequencia:instDiv|flip_flop_d:gen_for[1].ffN|q ; divisor_de_frequencia:instDiv|flip_flop_d:gen_for[1].ffN|q ; divisor_de_frequencia:instDiv|flip_flop_d:gen_for[1].ffN|q ; divisor_de_frequencia:instDiv|flip_flop_d:gen_for[0].ffN|q ; 1.000        ; 0.806      ; 1.363      ;
+-------+------------------------------------------------------------+------------------------------------------------------------+------------------------------------------------------------+------------------------------------------------------------+--------------+------------+------------+


+-----------------------------------------------------------------------------------------------------------------------------------------------------------------------------------------------------------------------------------------------------------------------------------------+
; Slow 1200mV 0C Model Setup: 'divisor_de_frequencia:instDiv|flip_flop_d:ff0|q'                                                                                                                                                                                                           ;
+-------+------------------------------------------------------------+------------------------------------------------------------+------------------------------------------------------------+-------------------------------------------------+--------------+------------+------------+
; Slack ; From Node                                                  ; To Node                                                    ; Launch Clock                                               ; Latch Clock                                     ; Relationship ; Clock Skew ; Data Delay ;
+-------+------------------------------------------------------------+------------------------------------------------------------+------------------------------------------------------------+-------------------------------------------------+--------------+------------+------------+
; 0.236 ; divisor_de_frequencia:instDiv|flip_flop_d:gen_for[0].ffN|q ; divisor_de_frequencia:instDiv|flip_flop_d:gen_for[0].ffN|q ; divisor_de_frequencia:instDiv|flip_flop_d:gen_for[0].ffN|q ; divisor_de_frequencia:instDiv|flip_flop_d:ff0|q ; 0.500        ; 0.676      ; 1.135      ;
; 0.775 ; divisor_de_frequencia:instDiv|flip_flop_d:gen_for[0].ffN|q ; divisor_de_frequencia:instDiv|flip_flop_d:gen_for[0].ffN|q ; divisor_de_frequencia:instDiv|flip_flop_d:gen_for[0].ffN|q ; divisor_de_frequencia:instDiv|flip_flop_d:ff0|q ; 1.000        ; 0.676      ; 1.096      ;
+-------+------------------------------------------------------------+------------------------------------------------------------+------------------------------------------------------------+-------------------------------------------------+--------------+------------+------------+


+--------------------------------------------------------------------------------------------------------------------------------------------------------------------------------------------------------------------+
; Slow 1200mV 0C Model Setup: 'clkIN'                                                                                                                                                                                ;
+-------+-------------------------------------------------+-------------------------------------------------+-------------------------------------------------+-------------+--------------+------------+------------+
; Slack ; From Node                                       ; To Node                                         ; Launch Clock                                    ; Latch Clock ; Relationship ; Clock Skew ; Data Delay ;
+-------+-------------------------------------------------+-------------------------------------------------+-------------------------------------------------+-------------+--------------+------------+------------+
; 0.294 ; divisor_de_frequencia:instDiv|flip_flop_d:ff0|q ; divisor_de_frequencia:instDiv|flip_flop_d:ff0|q ; divisor_de_frequencia:instDiv|flip_flop_d:ff0|q ; clkIN       ; 0.500        ; 2.712      ; 3.093      ;
; 0.766 ; divisor_de_frequencia:instDiv|flip_flop_d:ff0|q ; divisor_de_frequencia:instDiv|flip_flop_d:ff0|q ; divisor_de_frequencia:instDiv|flip_flop_d:ff0|q ; clkIN       ; 1.000        ; 2.712      ; 3.121      ;
+-------+-------------------------------------------------+-------------------------------------------------+-------------------------------------------------+-------------+--------------+------------+------------+


+----------------------------------------------------------------------------------------------------------------------------------------------------------------------------------------------------------------------------------------------------------------------------------------------------+
; Slow 1200mV 0C Model Setup: 'divisor_de_frequencia:instDiv|flip_flop_d:gen_for[1].ffN|q'                                                                                                                                                                                                           ;
+-------+------------------------------------------------------------+------------------------------------------------------------+------------------------------------------------------------+------------------------------------------------------------+--------------+------------+------------+
; Slack ; From Node                                                  ; To Node                                                    ; Launch Clock                                               ; Latch Clock                                                ; Relationship ; Clock Skew ; Data Delay ;
+-------+------------------------------------------------------------+------------------------------------------------------------+------------------------------------------------------------+------------------------------------------------------------+--------------+------------+------------+
; 0.398 ; divisor_de_frequencia:instDiv|flip_flop_d:gen_for[2].ffN|q ; divisor_de_frequencia:instDiv|flip_flop_d:gen_for[2].ffN|q ; divisor_de_frequencia:instDiv|flip_flop_d:gen_for[1].ffN|q ; divisor_de_frequencia:instDiv|flip_flop_d:gen_for[1].ffN|q ; 1.000        ; -0.034     ; 0.583      ;
+-------+------------------------------------------------------------+------------------------------------------------------------+------------------------------------------------------------+------------------------------------------------------------+--------------+------------+------------+


+---------------------------------------------------------------------------------------------------------------------------------------------------------------------------------------------------------------------+
; Slow 1200mV 0C Model Hold: 'clkIN'                                                                                                                                                                                  ;
+--------+-------------------------------------------------+-------------------------------------------------+-------------------------------------------------+-------------+--------------+------------+------------+
; Slack  ; From Node                                       ; To Node                                         ; Launch Clock                                    ; Latch Clock ; Relationship ; Clock Skew ; Data Delay ;
+--------+-------------------------------------------------+-------------------------------------------------+-------------------------------------------------+-------------+--------------+------------+------------+
; -0.304 ; divisor_de_frequencia:instDiv|flip_flop_d:ff0|q ; divisor_de_frequencia:instDiv|flip_flop_d:ff0|q ; divisor_de_frequencia:instDiv|flip_flop_d:ff0|q ; clkIN       ; 0.000        ; 2.809      ; 2.849      ;
; 0.193  ; divisor_de_frequencia:instDiv|flip_flop_d:ff0|q ; divisor_de_frequencia:instDiv|flip_flop_d:ff0|q ; divisor_de_frequencia:instDiv|flip_flop_d:ff0|q ; clkIN       ; -0.500       ; 2.809      ; 2.846      ;
+--------+-------------------------------------------------+-------------------------------------------------+-------------------------------------------------+-------------+--------------+------------+------------+


+-----------------------------------------------------------------------------------------------------------------------------------------------------------------------------------------------------------------------------------------------------------------------------------------------------+
; Slow 1200mV 0C Model Hold: 'divisor_de_frequencia:instDiv|flip_flop_d:gen_for[0].ffN|q'                                                                                                                                                                                                             ;
+--------+------------------------------------------------------------+------------------------------------------------------------+------------------------------------------------------------+------------------------------------------------------------+--------------+------------+------------+
; Slack  ; From Node                                                  ; To Node                                                    ; Launch Clock                                               ; Latch Clock                                                ; Relationship ; Clock Skew ; Data Delay ;
+--------+------------------------------------------------------------+------------------------------------------------------------+------------------------------------------------------------+------------------------------------------------------------+--------------+------------+------------+
; -0.015 ; divisor_de_frequencia:instDiv|flip_flop_d:gen_for[1].ffN|q ; divisor_de_frequencia:instDiv|flip_flop_d:gen_for[1].ffN|q ; divisor_de_frequencia:instDiv|flip_flop_d:gen_for[1].ffN|q ; divisor_de_frequencia:instDiv|flip_flop_d:gen_for[0].ffN|q ; 0.000        ; 0.855      ; 1.164      ;
; 0.521  ; divisor_de_frequencia:instDiv|flip_flop_d:gen_for[1].ffN|q ; divisor_de_frequencia:instDiv|flip_flop_d:gen_for[1].ffN|q ; divisor_de_frequencia:instDiv|flip_flop_d:gen_for[1].ffN|q ; divisor_de_frequencia:instDiv|flip_flop_d:gen_for[0].ffN|q ; -0.500       ; 0.855      ; 1.200      ;
+--------+------------------------------------------------------------+------------------------------------------------------------+------------------------------------------------------------+------------------------------------------------------------+--------------+------------+------------+


+-----------------------------------------------------------------------------------------------------------------------------------------------------------------------------------------------------------------------------------------------------------------------------------------+
; Slow 1200mV 0C Model Hold: 'divisor_de_frequencia:instDiv|flip_flop_d:ff0|q'                                                                                                                                                                                                            ;
+-------+------------------------------------------------------------+------------------------------------------------------------+------------------------------------------------------------+-------------------------------------------------+--------------+------------+------------+
; Slack ; From Node                                                  ; To Node                                                    ; Launch Clock                                               ; Latch Clock                                     ; Relationship ; Clock Skew ; Data Delay ;
+-------+------------------------------------------------------------+------------------------------------------------------------+------------------------------------------------------------+-------------------------------------------------+--------------+------------+------------+
; 0.012 ; divisor_de_frequencia:instDiv|flip_flop_d:gen_for[0].ffN|q ; divisor_de_frequencia:instDiv|flip_flop_d:gen_for[0].ffN|q ; divisor_de_frequencia:instDiv|flip_flop_d:gen_for[0].ffN|q ; divisor_de_frequencia:instDiv|flip_flop_d:ff0|q ; 0.000        ; 0.720      ; 1.056      ;
; 0.550 ; divisor_de_frequencia:instDiv|flip_flop_d:gen_for[0].ffN|q ; divisor_de_frequencia:instDiv|flip_flop_d:gen_for[0].ffN|q ; divisor_de_frequencia:instDiv|flip_flop_d:gen_for[0].ffN|q ; divisor_de_frequencia:instDiv|flip_flop_d:ff0|q ; -0.500       ; 0.720      ; 1.094      ;
+-------+------------------------------------------------------------+------------------------------------------------------------+------------------------------------------------------------+-------------------------------------------------+--------------+------------+------------+


+-----------------------------------------------------------------------------------------------------------------------------------------------------------+
; Slow 1200mV 0C Model Hold: 'runDebugIN'                                                                                                                   ;
+-------+--------------------------------------+--------------------------------------+--------------+-------------+--------------+------------+------------+
; Slack ; From Node                            ; To Node                              ; Launch Clock ; Latch Clock ; Relationship ; Clock Skew ; Data Delay ;
+-------+--------------------------------------+--------------------------------------+--------------+-------------+--------------+------------+------------+
; 0.300 ; PC:inst6|ffd_enable:ffd7|q           ; PC:inst6|ffd_enable:ffd7|q           ; runDebugIN   ; runDebugIN  ; 0.000        ; 0.067      ; 0.511      ;
; 0.313 ; PC:inst6|ffd_enable:ffd6|q           ; PC:inst6|ffd_enable:ffd6|q           ; runDebugIN   ; runDebugIN  ; 0.000        ; 0.054      ; 0.511      ;
; 0.313 ; PC:inst6|ffd_enable:ffd5|q           ; PC:inst6|ffd_enable:ffd5|q           ; runDebugIN   ; runDebugIN  ; 0.000        ; 0.054      ; 0.511      ;
; 0.313 ; PC:inst6|ffd_enable:ffd4|q           ; PC:inst6|ffd_enable:ffd4|q           ; runDebugIN   ; runDebugIN  ; 0.000        ; 0.054      ; 0.511      ;
; 0.313 ; PC:inst6|ffd_enable:ffd3|q           ; PC:inst6|ffd_enable:ffd3|q           ; runDebugIN   ; runDebugIN  ; 0.000        ; 0.054      ; 0.511      ;
; 0.313 ; PC:inst6|ffd_enable:ffd2|q           ; PC:inst6|ffd_enable:ffd2|q           ; runDebugIN   ; runDebugIN  ; 0.000        ; 0.054      ; 0.511      ;
; 0.313 ; PC:inst6|ffd_enable:ffd1|q           ; PC:inst6|ffd_enable:ffd1|q           ; runDebugIN   ; runDebugIN  ; 0.000        ; 0.054      ; 0.511      ;
; 0.313 ; PC:inst6|ffd_enable:ffd0|q           ; PC:inst6|ffd_enable:ffd0|q           ; runDebugIN   ; runDebugIN  ; 0.000        ; 0.054      ; 0.511      ;
; 0.313 ; temporizador:inst5|flip_flop_d:ff1|q ; temporizador:inst5|flip_flop_d:ff1|q ; runDebugIN   ; runDebugIN  ; 0.000        ; 0.054      ; 0.511      ;
; 0.321 ; temporizador:inst5|flip_flop_d:ff0|q ; temporizador:inst5|flip_flop_d:ff0|q ; runDebugIN   ; runDebugIN  ; 0.000        ; 0.054      ; 0.519      ;
; 0.425 ; temporizador:inst5|flip_flop_d:ff1|q ; PC:inst6|ffd_enable:ffd7|q           ; runDebugIN   ; runDebugIN  ; 0.000        ; 0.384      ; 0.953      ;
; 0.458 ; PC:inst6|ffd_enable:ffd3|q           ; PC:inst6|ffd_enable:ffd7|q           ; runDebugIN   ; runDebugIN  ; 0.000        ; 0.384      ; 0.986      ;
; 0.462 ; PC:inst6|ffd_enable:ffd5|q           ; PC:inst6|ffd_enable:ffd7|q           ; runDebugIN   ; runDebugIN  ; 0.000        ; 0.384      ; 0.990      ;
; 0.479 ; temporizador:inst5|flip_flop_d:ff0|q ; PC:inst6|ffd_enable:ffd7|q           ; runDebugIN   ; runDebugIN  ; 0.000        ; 0.384      ; 1.007      ;
; 0.496 ; temporizador:inst5|flip_flop_d:ff0|q ; PC:inst6|ffd_enable:ffd0|q           ; runDebugIN   ; runDebugIN  ; 0.000        ; 0.054      ; 0.694      ;
; 0.499 ; temporizador:inst5|flip_flop_d:ff0|q ; temporizador:inst5|flip_flop_d:ff1|q ; runDebugIN   ; runDebugIN  ; 0.000        ; 0.054      ; 0.697      ;
; 0.508 ; PC:inst6|ffd_enable:ffd0|q           ; PC:inst6|ffd_enable:ffd1|q           ; runDebugIN   ; runDebugIN  ; 0.000        ; 0.054      ; 0.706      ;
; 0.531 ; PC:inst6|ffd_enable:ffd4|q           ; PC:inst6|ffd_enable:ffd6|q           ; runDebugIN   ; runDebugIN  ; 0.000        ; 0.054      ; 0.729      ;
; 0.553 ; temporizador:inst5|flip_flop_d:ff0|q ; PC:inst6|ffd_enable:ffd3|q           ; runDebugIN   ; runDebugIN  ; 0.000        ; 0.054      ; 0.751      ;
; 0.553 ; temporizador:inst5|flip_flop_d:ff0|q ; PC:inst6|ffd_enable:ffd1|q           ; runDebugIN   ; runDebugIN  ; 0.000        ; 0.054      ; 0.751      ;
; 0.554 ; temporizador:inst5|flip_flop_d:ff1|q ; PC:inst6|ffd_enable:ffd3|q           ; runDebugIN   ; runDebugIN  ; 0.000        ; 0.054      ; 0.752      ;
; 0.554 ; temporizador:inst5|flip_flop_d:ff1|q ; PC:inst6|ffd_enable:ffd0|q           ; runDebugIN   ; runDebugIN  ; 0.000        ; 0.054      ; 0.752      ;
; 0.555 ; temporizador:inst5|flip_flop_d:ff1|q ; PC:inst6|ffd_enable:ffd1|q           ; runDebugIN   ; runDebugIN  ; 0.000        ; 0.054      ; 0.753      ;
; 0.583 ; PC:inst6|ffd_enable:ffd2|q           ; PC:inst6|ffd_enable:ffd7|q           ; runDebugIN   ; runDebugIN  ; 0.000        ; 0.384      ; 1.111      ;
; 0.615 ; PC:inst6|ffd_enable:ffd6|q           ; PC:inst6|ffd_enable:ffd7|q           ; runDebugIN   ; runDebugIN  ; 0.000        ; 0.384      ; 1.143      ;
; 0.635 ; PC:inst6|ffd_enable:ffd2|q           ; PC:inst6|ffd_enable:ffd6|q           ; runDebugIN   ; runDebugIN  ; 0.000        ; 0.054      ; 0.833      ;
; 0.636 ; PC:inst6|ffd_enable:ffd2|q           ; PC:inst6|ffd_enable:ffd3|q           ; runDebugIN   ; runDebugIN  ; 0.000        ; 0.054      ; 0.834      ;
; 0.637 ; PC:inst6|ffd_enable:ffd2|q           ; PC:inst6|ffd_enable:ffd4|q           ; runDebugIN   ; runDebugIN  ; 0.000        ; 0.054      ; 0.835      ;
; 0.650 ; PC:inst6|ffd_enable:ffd3|q           ; PC:inst6|ffd_enable:ffd4|q           ; runDebugIN   ; runDebugIN  ; 0.000        ; 0.054      ; 0.848      ;
; 0.675 ; PC:inst6|ffd_enable:ffd0|q           ; PC:inst6|ffd_enable:ffd2|q           ; runDebugIN   ; runDebugIN  ; 0.000        ; 0.054      ; 0.873      ;
; 0.687 ; PC:inst6|ffd_enable:ffd4|q           ; PC:inst6|ffd_enable:ffd5|q           ; runDebugIN   ; runDebugIN  ; 0.000        ; 0.054      ; 0.885      ;
; 0.692 ; PC:inst6|ffd_enable:ffd0|q           ; PC:inst6|ffd_enable:ffd7|q           ; runDebugIN   ; runDebugIN  ; 0.000        ; 0.384      ; 1.220      ;
; 0.712 ; PC:inst6|ffd_enable:ffd4|q           ; PC:inst6|ffd_enable:ffd7|q           ; runDebugIN   ; runDebugIN  ; 0.000        ; 0.384      ; 1.240      ;
; 0.743 ; PC:inst6|ffd_enable:ffd1|q           ; PC:inst6|ffd_enable:ffd7|q           ; runDebugIN   ; runDebugIN  ; 0.000        ; 0.384      ; 1.271      ;
; 0.744 ; PC:inst6|ffd_enable:ffd0|q           ; PC:inst6|ffd_enable:ffd6|q           ; runDebugIN   ; runDebugIN  ; 0.000        ; 0.054      ; 0.942      ;
; 0.745 ; PC:inst6|ffd_enable:ffd0|q           ; PC:inst6|ffd_enable:ffd3|q           ; runDebugIN   ; runDebugIN  ; 0.000        ; 0.054      ; 0.943      ;
; 0.746 ; PC:inst6|ffd_enable:ffd0|q           ; PC:inst6|ffd_enable:ffd4|q           ; runDebugIN   ; runDebugIN  ; 0.000        ; 0.054      ; 0.944      ;
; 0.753 ; temporizador:inst5|flip_flop_d:ff1|q ; PC:inst6|ffd_enable:ffd5|q           ; runDebugIN   ; runDebugIN  ; 0.000        ; 0.054      ; 0.951      ;
; 0.778 ; temporizador:inst5|flip_flop_d:ff1|q ; PC:inst6|ffd_enable:ffd2|q           ; runDebugIN   ; runDebugIN  ; 0.000        ; 0.054      ; 0.976      ;
; 0.786 ; PC:inst6|ffd_enable:ffd3|q           ; PC:inst6|ffd_enable:ffd5|q           ; runDebugIN   ; runDebugIN  ; 0.000        ; 0.054      ; 0.984      ;
; 0.789 ; temporizador:inst5|flip_flop_d:ff0|q ; PC:inst6|ffd_enable:ffd2|q           ; runDebugIN   ; runDebugIN  ; 0.000        ; 0.054      ; 0.987      ;
; 0.795 ; PC:inst6|ffd_enable:ffd1|q           ; PC:inst6|ffd_enable:ffd6|q           ; runDebugIN   ; runDebugIN  ; 0.000        ; 0.054      ; 0.993      ;
; 0.796 ; PC:inst6|ffd_enable:ffd1|q           ; PC:inst6|ffd_enable:ffd3|q           ; runDebugIN   ; runDebugIN  ; 0.000        ; 0.054      ; 0.994      ;
; 0.797 ; PC:inst6|ffd_enable:ffd1|q           ; PC:inst6|ffd_enable:ffd4|q           ; runDebugIN   ; runDebugIN  ; 0.000        ; 0.054      ; 0.995      ;
; 0.807 ; temporizador:inst5|flip_flop_d:ff0|q ; PC:inst6|ffd_enable:ffd5|q           ; runDebugIN   ; runDebugIN  ; 0.000        ; 0.054      ; 1.005      ;
; 0.823 ; PC:inst6|ffd_enable:ffd1|q           ; PC:inst6|ffd_enable:ffd2|q           ; runDebugIN   ; runDebugIN  ; 0.000        ; 0.054      ; 1.021      ;
; 0.827 ; PC:inst6|ffd_enable:ffd5|q           ; PC:inst6|ffd_enable:ffd6|q           ; runDebugIN   ; runDebugIN  ; 0.000        ; 0.054      ; 1.025      ;
; 0.908 ; temporizador:inst5|flip_flop_d:ff1|q ; PC:inst6|ffd_enable:ffd6|q           ; runDebugIN   ; runDebugIN  ; 0.000        ; 0.054      ; 1.106      ;
; 0.911 ; PC:inst6|ffd_enable:ffd2|q           ; PC:inst6|ffd_enable:ffd5|q           ; runDebugIN   ; runDebugIN  ; 0.000        ; 0.054      ; 1.109      ;
; 0.953 ; temporizador:inst5|flip_flop_d:ff0|q ; PC:inst6|ffd_enable:ffd4|q           ; runDebugIN   ; runDebugIN  ; 0.000        ; 0.054      ; 1.151      ;
; 0.978 ; temporizador:inst5|flip_flop_d:ff1|q ; PC:inst6|ffd_enable:ffd4|q           ; runDebugIN   ; runDebugIN  ; 0.000        ; 0.054      ; 1.176      ;
; 1.017 ; PC:inst6|ffd_enable:ffd3|q           ; PC:inst6|ffd_enable:ffd6|q           ; runDebugIN   ; runDebugIN  ; 0.000        ; 0.054      ; 1.215      ;
; 1.020 ; PC:inst6|ffd_enable:ffd0|q           ; PC:inst6|ffd_enable:ffd5|q           ; runDebugIN   ; runDebugIN  ; 0.000        ; 0.054      ; 1.218      ;
; 1.040 ; temporizador:inst5|flip_flop_d:ff0|q ; PC:inst6|ffd_enable:ffd6|q           ; runDebugIN   ; runDebugIN  ; 0.000        ; 0.054      ; 1.238      ;
; 1.071 ; PC:inst6|ffd_enable:ffd1|q           ; PC:inst6|ffd_enable:ffd5|q           ; runDebugIN   ; runDebugIN  ; 0.000        ; 0.054      ; 1.269      ;
+-------+--------------------------------------+--------------------------------------+--------------+-------------+--------------+------------+------------+


+----------------------------------------------------------------------------------------------------------------------------------------------------------------------------------------------------------------------------------------------------------------------------------------------------+
; Slow 1200mV 0C Model Hold: 'divisor_de_frequencia:instDiv|flip_flop_d:gen_for[1].ffN|q'                                                                                                                                                                                                            ;
+-------+------------------------------------------------------------+------------------------------------------------------------+------------------------------------------------------------+------------------------------------------------------------+--------------+------------+------------+
; Slack ; From Node                                                  ; To Node                                                    ; Launch Clock                                               ; Latch Clock                                                ; Relationship ; Clock Skew ; Data Delay ;
+-------+------------------------------------------------------------+------------------------------------------------------------+------------------------------------------------------------+------------------------------------------------------------+--------------+------------+------------+
; 0.341 ; divisor_de_frequencia:instDiv|flip_flop_d:gen_for[2].ffN|q ; divisor_de_frequencia:instDiv|flip_flop_d:gen_for[2].ffN|q ; divisor_de_frequencia:instDiv|flip_flop_d:gen_for[1].ffN|q ; divisor_de_frequencia:instDiv|flip_flop_d:gen_for[1].ffN|q ; 0.000        ; 0.034      ; 0.519      ;
+-------+------------------------------------------------------------+------------------------------------------------------------+------------------------------------------------------------+------------------------------------------------------------+--------------+------------+------------+


+----------------------------------------------------------------------------------------------------------------------------+
; Slow 1200mV 0C Model Minimum Pulse Width: 'runDebugIN'                                                                     ;
+--------+--------------+----------------+------------------+------------+------------+--------------------------------------+
; Slack  ; Actual Width ; Required Width ; Type             ; Clock      ; Clock Edge ; Target                               ;
+--------+--------------+----------------+------------------+------------+------------+--------------------------------------+
; -3.000 ; 1.000        ; 4.000          ; Port Rate        ; runDebugIN ; Rise       ; runDebugIN                           ;
; -1.000 ; 1.000        ; 2.000          ; Min Period       ; runDebugIN ; Rise       ; PC:inst6|ffd_enable:ffd0|q           ;
; -1.000 ; 1.000        ; 2.000          ; Min Period       ; runDebugIN ; Rise       ; PC:inst6|ffd_enable:ffd1|q           ;
; -1.000 ; 1.000        ; 2.000          ; Min Period       ; runDebugIN ; Rise       ; PC:inst6|ffd_enable:ffd2|q           ;
; -1.000 ; 1.000        ; 2.000          ; Min Period       ; runDebugIN ; Rise       ; PC:inst6|ffd_enable:ffd3|q           ;
; -1.000 ; 1.000        ; 2.000          ; Min Period       ; runDebugIN ; Rise       ; PC:inst6|ffd_enable:ffd4|q           ;
; -1.000 ; 1.000        ; 2.000          ; Min Period       ; runDebugIN ; Rise       ; PC:inst6|ffd_enable:ffd5|q           ;
; -1.000 ; 1.000        ; 2.000          ; Min Period       ; runDebugIN ; Rise       ; PC:inst6|ffd_enable:ffd6|q           ;
; -1.000 ; 1.000        ; 2.000          ; Min Period       ; runDebugIN ; Rise       ; PC:inst6|ffd_enable:ffd7|q           ;
; -1.000 ; 1.000        ; 2.000          ; Min Period       ; runDebugIN ; Rise       ; temporizador:inst5|flip_flop_d:ff0|q ;
; -1.000 ; 1.000        ; 2.000          ; Min Period       ; runDebugIN ; Rise       ; temporizador:inst5|flip_flop_d:ff1|q ;
; 0.180  ; 0.364        ; 0.184          ; Low Pulse Width  ; runDebugIN ; Rise       ; PC:inst6|ffd_enable:ffd7|q           ;
; 0.186  ; 0.370        ; 0.184          ; Low Pulse Width  ; runDebugIN ; Rise       ; PC:inst6|ffd_enable:ffd0|q           ;
; 0.186  ; 0.370        ; 0.184          ; Low Pulse Width  ; runDebugIN ; Rise       ; PC:inst6|ffd_enable:ffd1|q           ;
; 0.186  ; 0.370        ; 0.184          ; Low Pulse Width  ; runDebugIN ; Rise       ; PC:inst6|ffd_enable:ffd2|q           ;
; 0.186  ; 0.370        ; 0.184          ; Low Pulse Width  ; runDebugIN ; Rise       ; PC:inst6|ffd_enable:ffd3|q           ;
; 0.186  ; 0.370        ; 0.184          ; Low Pulse Width  ; runDebugIN ; Rise       ; PC:inst6|ffd_enable:ffd4|q           ;
; 0.186  ; 0.370        ; 0.184          ; Low Pulse Width  ; runDebugIN ; Rise       ; PC:inst6|ffd_enable:ffd5|q           ;
; 0.186  ; 0.370        ; 0.184          ; Low Pulse Width  ; runDebugIN ; Rise       ; PC:inst6|ffd_enable:ffd6|q           ;
; 0.186  ; 0.370        ; 0.184          ; Low Pulse Width  ; runDebugIN ; Rise       ; temporizador:inst5|flip_flop_d:ff0|q ;
; 0.186  ; 0.370        ; 0.184          ; Low Pulse Width  ; runDebugIN ; Rise       ; temporizador:inst5|flip_flop_d:ff1|q ;
; 0.339  ; 0.339        ; 0.000          ; Low Pulse Width  ; runDebugIN ; Rise       ; runDebugIN~input|o                   ;
; 0.340  ; 0.340        ; 0.000          ; Low Pulse Width  ; runDebugIN ; Rise       ; inst6|ffd7|q|clk                     ;
; 0.346  ; 0.346        ; 0.000          ; Low Pulse Width  ; runDebugIN ; Rise       ; inst5|ff0|q|clk                      ;
; 0.346  ; 0.346        ; 0.000          ; Low Pulse Width  ; runDebugIN ; Rise       ; inst5|ff1|q|clk                      ;
; 0.346  ; 0.346        ; 0.000          ; Low Pulse Width  ; runDebugIN ; Rise       ; inst6|ffd0|q|clk                     ;
; 0.346  ; 0.346        ; 0.000          ; Low Pulse Width  ; runDebugIN ; Rise       ; inst6|ffd1|q|clk                     ;
; 0.346  ; 0.346        ; 0.000          ; Low Pulse Width  ; runDebugIN ; Rise       ; inst6|ffd2|q|clk                     ;
; 0.346  ; 0.346        ; 0.000          ; Low Pulse Width  ; runDebugIN ; Rise       ; inst6|ffd3|q|clk                     ;
; 0.346  ; 0.346        ; 0.000          ; Low Pulse Width  ; runDebugIN ; Rise       ; inst6|ffd4|q|clk                     ;
; 0.346  ; 0.346        ; 0.000          ; Low Pulse Width  ; runDebugIN ; Rise       ; inst6|ffd5|q|clk                     ;
; 0.346  ; 0.346        ; 0.000          ; Low Pulse Width  ; runDebugIN ; Rise       ; inst6|ffd6|q|clk                     ;
; 0.354  ; 0.354        ; 0.000          ; Low Pulse Width  ; runDebugIN ; Rise       ; inst7|clkOut~clkctrl|inclk[0]        ;
; 0.354  ; 0.354        ; 0.000          ; Low Pulse Width  ; runDebugIN ; Rise       ; inst7|clkOut~clkctrl|outclk          ;
; 0.355  ; 0.355        ; 0.000          ; Low Pulse Width  ; runDebugIN ; Rise       ; inst7|clkOut|datac                   ;
; 0.358  ; 0.358        ; 0.000          ; Low Pulse Width  ; runDebugIN ; Rise       ; inst7|clkOut|combout                 ;
; 0.414  ; 0.630        ; 0.216          ; High Pulse Width ; runDebugIN ; Rise       ; PC:inst6|ffd_enable:ffd0|q           ;
; 0.414  ; 0.630        ; 0.216          ; High Pulse Width ; runDebugIN ; Rise       ; PC:inst6|ffd_enable:ffd1|q           ;
; 0.414  ; 0.630        ; 0.216          ; High Pulse Width ; runDebugIN ; Rise       ; PC:inst6|ffd_enable:ffd2|q           ;
; 0.414  ; 0.630        ; 0.216          ; High Pulse Width ; runDebugIN ; Rise       ; PC:inst6|ffd_enable:ffd3|q           ;
; 0.414  ; 0.630        ; 0.216          ; High Pulse Width ; runDebugIN ; Rise       ; PC:inst6|ffd_enable:ffd4|q           ;
; 0.414  ; 0.630        ; 0.216          ; High Pulse Width ; runDebugIN ; Rise       ; PC:inst6|ffd_enable:ffd5|q           ;
; 0.414  ; 0.630        ; 0.216          ; High Pulse Width ; runDebugIN ; Rise       ; PC:inst6|ffd_enable:ffd6|q           ;
; 0.414  ; 0.630        ; 0.216          ; High Pulse Width ; runDebugIN ; Rise       ; temporizador:inst5|flip_flop_d:ff0|q ;
; 0.414  ; 0.630        ; 0.216          ; High Pulse Width ; runDebugIN ; Rise       ; temporizador:inst5|flip_flop_d:ff1|q ;
; 0.420  ; 0.636        ; 0.216          ; High Pulse Width ; runDebugIN ; Rise       ; PC:inst6|ffd_enable:ffd7|q           ;
; 0.500  ; 0.500        ; 0.000          ; High Pulse Width ; runDebugIN ; Rise       ; runDebugIN~input|i                   ;
; 0.500  ; 0.500        ; 0.000          ; Low Pulse Width  ; runDebugIN ; Rise       ; runDebugIN~input|i                   ;
; 0.640  ; 0.640        ; 0.000          ; High Pulse Width ; runDebugIN ; Rise       ; inst7|clkOut|combout                 ;
; 0.644  ; 0.644        ; 0.000          ; High Pulse Width ; runDebugIN ; Rise       ; inst7|clkOut|datac                   ;
; 0.645  ; 0.645        ; 0.000          ; High Pulse Width ; runDebugIN ; Rise       ; inst7|clkOut~clkctrl|inclk[0]        ;
; 0.645  ; 0.645        ; 0.000          ; High Pulse Width ; runDebugIN ; Rise       ; inst7|clkOut~clkctrl|outclk          ;
; 0.654  ; 0.654        ; 0.000          ; High Pulse Width ; runDebugIN ; Rise       ; inst5|ff0|q|clk                      ;
; 0.654  ; 0.654        ; 0.000          ; High Pulse Width ; runDebugIN ; Rise       ; inst5|ff1|q|clk                      ;
; 0.654  ; 0.654        ; 0.000          ; High Pulse Width ; runDebugIN ; Rise       ; inst6|ffd0|q|clk                     ;
; 0.654  ; 0.654        ; 0.000          ; High Pulse Width ; runDebugIN ; Rise       ; inst6|ffd1|q|clk                     ;
; 0.654  ; 0.654        ; 0.000          ; High Pulse Width ; runDebugIN ; Rise       ; inst6|ffd2|q|clk                     ;
; 0.654  ; 0.654        ; 0.000          ; High Pulse Width ; runDebugIN ; Rise       ; inst6|ffd3|q|clk                     ;
; 0.654  ; 0.654        ; 0.000          ; High Pulse Width ; runDebugIN ; Rise       ; inst6|ffd4|q|clk                     ;
; 0.654  ; 0.654        ; 0.000          ; High Pulse Width ; runDebugIN ; Rise       ; inst6|ffd5|q|clk                     ;
; 0.654  ; 0.654        ; 0.000          ; High Pulse Width ; runDebugIN ; Rise       ; inst6|ffd6|q|clk                     ;
; 0.660  ; 0.660        ; 0.000          ; High Pulse Width ; runDebugIN ; Rise       ; inst6|ffd7|q|clk                     ;
; 0.661  ; 0.661        ; 0.000          ; High Pulse Width ; runDebugIN ; Rise       ; runDebugIN~input|o                   ;
+--------+--------------+----------------+------------------+------------+------------+--------------------------------------+


+----------------------------------------------------------------------------------------------------------------------------------+
; Slow 1200mV 0C Model Minimum Pulse Width: 'clkIN'                                                                                ;
+--------+--------------+----------------+------------------+-------+------------+-------------------------------------------------+
; Slack  ; Actual Width ; Required Width ; Type             ; Clock ; Clock Edge ; Target                                          ;
+--------+--------------+----------------+------------------+-------+------------+-------------------------------------------------+
; -3.000 ; 1.000        ; 4.000          ; Port Rate        ; clkIN ; Rise       ; clkIN                                           ;
; -1.000 ; 1.000        ; 2.000          ; Min Period       ; clkIN ; Rise       ; divisor_de_frequencia:instDiv|flip_flop_d:ff0|q ;
; 0.222  ; 0.406        ; 0.184          ; Low Pulse Width  ; clkIN ; Rise       ; divisor_de_frequencia:instDiv|flip_flop_d:ff0|q ;
; 0.339  ; 0.339        ; 0.000          ; Low Pulse Width  ; clkIN ; Rise       ; clkIN~input|o                                   ;
; 0.376  ; 0.592        ; 0.216          ; High Pulse Width ; clkIN ; Rise       ; divisor_de_frequencia:instDiv|flip_flop_d:ff0|q ;
; 0.382  ; 0.382        ; 0.000          ; Low Pulse Width  ; clkIN ; Rise       ; instDiv|ff0|q|clk                               ;
; 0.500  ; 0.500        ; 0.000          ; High Pulse Width ; clkIN ; Rise       ; clkIN~input|i                                   ;
; 0.500  ; 0.500        ; 0.000          ; Low Pulse Width  ; clkIN ; Rise       ; clkIN~input|i                                   ;
; 0.616  ; 0.616        ; 0.000          ; High Pulse Width ; clkIN ; Rise       ; instDiv|ff0|q|clk                               ;
; 0.661  ; 0.661        ; 0.000          ; High Pulse Width ; clkIN ; Rise       ; clkIN~input|o                                   ;
+--------+--------------+----------------+------------------+-------+------------+-------------------------------------------------+


+---------------------------------------------------------------------------------------------------------------------------------------------------------------------------------------+
; Slow 1200mV 0C Model Minimum Pulse Width: 'divisor_de_frequencia:instDiv|flip_flop_d:ff0|q'                                                                                           ;
+--------+--------------+----------------+------------------+-------------------------------------------------+------------+------------------------------------------------------------+
; Slack  ; Actual Width ; Required Width ; Type             ; Clock                                           ; Clock Edge ; Target                                                     ;
+--------+--------------+----------------+------------------+-------------------------------------------------+------------+------------------------------------------------------------+
; -1.000 ; 1.000        ; 2.000          ; Min Period       ; divisor_de_frequencia:instDiv|flip_flop_d:ff0|q ; Rise       ; divisor_de_frequencia:instDiv|flip_flop_d:gen_for[0].ffN|q ;
; 0.279  ; 0.463        ; 0.184          ; Low Pulse Width  ; divisor_de_frequencia:instDiv|flip_flop_d:ff0|q ; Rise       ; divisor_de_frequencia:instDiv|flip_flop_d:gen_for[0].ffN|q ;
; 0.319  ; 0.535        ; 0.216          ; High Pulse Width ; divisor_de_frequencia:instDiv|flip_flop_d:ff0|q ; Rise       ; divisor_de_frequencia:instDiv|flip_flop_d:gen_for[0].ffN|q ;
; 0.439  ; 0.439        ; 0.000          ; Low Pulse Width  ; divisor_de_frequencia:instDiv|flip_flop_d:ff0|q ; Rise       ; instDiv|gen_for[0].ffN|q|clk                               ;
; 0.500  ; 0.500        ; 0.000          ; High Pulse Width ; divisor_de_frequencia:instDiv|flip_flop_d:ff0|q ; Rise       ; instDiv|ff0|q|q                                            ;
; 0.500  ; 0.500        ; 0.000          ; Low Pulse Width  ; divisor_de_frequencia:instDiv|flip_flop_d:ff0|q ; Rise       ; instDiv|ff0|q|q                                            ;
; 0.559  ; 0.559        ; 0.000          ; High Pulse Width ; divisor_de_frequencia:instDiv|flip_flop_d:ff0|q ; Rise       ; instDiv|gen_for[0].ffN|q|clk                               ;
+--------+--------------+----------------+------------------+-------------------------------------------------+------------+------------------------------------------------------------+


+--------------------------------------------------------------------------------------------------------------------------------------------------------------------------------------------------+
; Slow 1200mV 0C Model Minimum Pulse Width: 'divisor_de_frequencia:instDiv|flip_flop_d:gen_for[0].ffN|q'                                                                                           ;
+--------+--------------+----------------+------------------+------------------------------------------------------------+------------+------------------------------------------------------------+
; Slack  ; Actual Width ; Required Width ; Type             ; Clock                                                      ; Clock Edge ; Target                                                     ;
+--------+--------------+----------------+------------------+------------------------------------------------------------+------------+------------------------------------------------------------+
; -1.000 ; 1.000        ; 2.000          ; Min Period       ; divisor_de_frequencia:instDiv|flip_flop_d:gen_for[0].ffN|q ; Rise       ; divisor_de_frequencia:instDiv|flip_flop_d:gen_for[1].ffN|q ;
; 0.287  ; 0.503        ; 0.216          ; High Pulse Width ; divisor_de_frequencia:instDiv|flip_flop_d:gen_for[0].ffN|q ; Rise       ; divisor_de_frequencia:instDiv|flip_flop_d:gen_for[1].ffN|q ;
; 0.312  ; 0.496        ; 0.184          ; Low Pulse Width  ; divisor_de_frequencia:instDiv|flip_flop_d:gen_for[0].ffN|q ; Rise       ; divisor_de_frequencia:instDiv|flip_flop_d:gen_for[1].ffN|q ;
; 0.472  ; 0.472        ; 0.000          ; Low Pulse Width  ; divisor_de_frequencia:instDiv|flip_flop_d:gen_for[0].ffN|q ; Rise       ; instDiv|gen_for[1].ffN|q|clk                               ;
; 0.500  ; 0.500        ; 0.000          ; High Pulse Width ; divisor_de_frequencia:instDiv|flip_flop_d:gen_for[0].ffN|q ; Rise       ; instDiv|gen_for[0].ffN|q|q                                 ;
; 0.500  ; 0.500        ; 0.000          ; Low Pulse Width  ; divisor_de_frequencia:instDiv|flip_flop_d:gen_for[0].ffN|q ; Rise       ; instDiv|gen_for[0].ffN|q|q                                 ;
; 0.527  ; 0.527        ; 0.000          ; High Pulse Width ; divisor_de_frequencia:instDiv|flip_flop_d:gen_for[0].ffN|q ; Rise       ; instDiv|gen_for[1].ffN|q|clk                               ;
+--------+--------------+----------------+------------------+------------------------------------------------------------+------------+------------------------------------------------------------+


+--------------------------------------------------------------------------------------------------------------------------------------------------------------------------------------------------+
; Slow 1200mV 0C Model Minimum Pulse Width: 'divisor_de_frequencia:instDiv|flip_flop_d:gen_for[1].ffN|q'                                                                                           ;
+--------+--------------+----------------+------------------+------------------------------------------------------------+------------+------------------------------------------------------------+
; Slack  ; Actual Width ; Required Width ; Type             ; Clock                                                      ; Clock Edge ; Target                                                     ;
+--------+--------------+----------------+------------------+------------------------------------------------------------+------------+------------------------------------------------------------+
; -1.000 ; 1.000        ; 2.000          ; Min Period       ; divisor_de_frequencia:instDiv|flip_flop_d:gen_for[1].ffN|q ; Rise       ; divisor_de_frequencia:instDiv|flip_flop_d:gen_for[2].ffN|q ;
; 0.274  ; 0.458        ; 0.184          ; Low Pulse Width  ; divisor_de_frequencia:instDiv|flip_flop_d:gen_for[1].ffN|q ; Rise       ; divisor_de_frequencia:instDiv|flip_flop_d:gen_for[2].ffN|q ;
; 0.323  ; 0.539        ; 0.216          ; High Pulse Width ; divisor_de_frequencia:instDiv|flip_flop_d:gen_for[1].ffN|q ; Rise       ; divisor_de_frequencia:instDiv|flip_flop_d:gen_for[2].ffN|q ;
; 0.434  ; 0.434        ; 0.000          ; Low Pulse Width  ; divisor_de_frequencia:instDiv|flip_flop_d:gen_for[1].ffN|q ; Rise       ; instDiv|gen_for[2].ffN|q|clk                               ;
; 0.500  ; 0.500        ; 0.000          ; High Pulse Width ; divisor_de_frequencia:instDiv|flip_flop_d:gen_for[1].ffN|q ; Rise       ; instDiv|gen_for[1].ffN|q|q                                 ;
; 0.500  ; 0.500        ; 0.000          ; Low Pulse Width  ; divisor_de_frequencia:instDiv|flip_flop_d:gen_for[1].ffN|q ; Rise       ; instDiv|gen_for[1].ffN|q|q                                 ;
; 0.563  ; 0.563        ; 0.000          ; High Pulse Width ; divisor_de_frequencia:instDiv|flip_flop_d:gen_for[1].ffN|q ; Rise       ; instDiv|gen_for[2].ffN|q|clk                               ;
+--------+--------------+----------------+------------------+------------------------------------------------------------+------------+------------------------------------------------------------+


+-----------------------------------------------------------------------+
; Clock to Output Times                                                 ;
+-----------+------------+-------+-------+------------+-----------------+
; Data Port ; Clock Port ; Rise  ; Fall  ; Clock Edge ; Clock Reference ;
+-----------+------------+-------+-------+------------+-----------------+
; PC_0A     ; runDebugIN ; 7.540 ; 7.458 ; Rise       ; runDebugIN      ;
; PC_0B     ; runDebugIN ; 7.513 ; 7.474 ; Rise       ; runDebugIN      ;
; PC_0C     ; runDebugIN ; 7.762 ; 7.679 ; Rise       ; runDebugIN      ;
; PC_0D     ; runDebugIN ; 7.526 ; 7.471 ; Rise       ; runDebugIN      ;
; PC_0E     ; runDebugIN ; 7.569 ; 7.454 ; Rise       ; runDebugIN      ;
; PC_0F     ; runDebugIN ; 7.486 ; 7.579 ; Rise       ; runDebugIN      ;
; PC_0G     ; runDebugIN ; 7.939 ; 7.795 ; Rise       ; runDebugIN      ;
; PC_1A     ; runDebugIN ; 7.915 ; 7.799 ; Rise       ; runDebugIN      ;
; PC_1B     ; runDebugIN ; 7.847 ; 7.767 ; Rise       ; runDebugIN      ;
; PC_1C     ; runDebugIN ; 7.861 ; 7.727 ; Rise       ; runDebugIN      ;
; PC_1D     ; runDebugIN ; 7.909 ; 7.761 ; Rise       ; runDebugIN      ;
; PC_1E     ; runDebugIN ; 7.702 ; 7.568 ; Rise       ; runDebugIN      ;
; PC_1F     ; runDebugIN ; 7.620 ; 7.666 ; Rise       ; runDebugIN      ;
; PC_1G     ; runDebugIN ; 7.842 ; 7.682 ; Rise       ; runDebugIN      ;
; t0Output  ; runDebugIN ; 7.675 ; 7.781 ; Rise       ; runDebugIN      ;
; t1Output  ; runDebugIN ; 7.581 ; 7.417 ; Rise       ; runDebugIN      ;
; t2Output  ; runDebugIN ; 7.369 ; 7.274 ; Rise       ; runDebugIN      ;
; t3Output  ; runDebugIN ; 7.328 ; 7.318 ; Rise       ; runDebugIN      ;
+-----------+------------+-------+-------+------------+-----------------+


+-----------------------------------------------------------------------+
; Minimum Clock to Output Times                                         ;
+-----------+------------+-------+-------+------------+-----------------+
; Data Port ; Clock Port ; Rise  ; Fall  ; Clock Edge ; Clock Reference ;
+-----------+------------+-------+-------+------------+-----------------+
; PC_0A     ; runDebugIN ; 7.087 ; 6.988 ; Rise       ; runDebugIN      ;
; PC_0B     ; runDebugIN ; 7.094 ; 7.017 ; Rise       ; runDebugIN      ;
; PC_0C     ; runDebugIN ; 7.291 ; 7.196 ; Rise       ; runDebugIN      ;
; PC_0D     ; runDebugIN ; 7.066 ; 6.976 ; Rise       ; runDebugIN      ;
; PC_0E     ; runDebugIN ; 7.100 ; 7.008 ; Rise       ; runDebugIN      ;
; PC_0F     ; runDebugIN ; 7.022 ; 7.112 ; Rise       ; runDebugIN      ;
; PC_0G     ; runDebugIN ; 7.453 ; 7.332 ; Rise       ; runDebugIN      ;
; PC_1A     ; runDebugIN ; 7.106 ; 7.002 ; Rise       ; runDebugIN      ;
; PC_1B     ; runDebugIN ; 7.083 ; 7.010 ; Rise       ; runDebugIN      ;
; PC_1C     ; runDebugIN ; 7.091 ; 6.976 ; Rise       ; runDebugIN      ;
; PC_1D     ; runDebugIN ; 7.091 ; 6.982 ; Rise       ; runDebugIN      ;
; PC_1E     ; runDebugIN ; 6.904 ; 6.814 ; Rise       ; runDebugIN      ;
; PC_1F     ; runDebugIN ; 6.818 ; 6.912 ; Rise       ; runDebugIN      ;
; PC_1G     ; runDebugIN ; 7.040 ; 6.928 ; Rise       ; runDebugIN      ;
; t0Output  ; runDebugIN ; 7.382 ; 7.502 ; Rise       ; runDebugIN      ;
; t1Output  ; runDebugIN ; 7.323 ; 7.176 ; Rise       ; runDebugIN      ;
; t2Output  ; runDebugIN ; 7.110 ; 7.023 ; Rise       ; runDebugIN      ;
; t3Output  ; runDebugIN ; 7.003 ; 6.977 ; Rise       ; runDebugIN      ;
+-----------+------------+-------+-------+------------+-----------------+


---------------------------------------------
; Slow 1200mV 0C Model Metastability Report ;
---------------------------------------------
No synchronizer chains to report.


+------------------------------------------------------------------------------------+
; Fast 1200mV 0C Model Setup Summary                                                 ;
+------------------------------------------------------------+-------+---------------+
; Clock                                                      ; Slack ; End Point TNS ;
+------------------------------------------------------------+-------+---------------+
; runDebugIN                                                 ; 0.066 ; 0.000         ;
; divisor_de_frequencia:instDiv|flip_flop_d:gen_for[0].ffN|q ; 0.249 ; 0.000         ;
; divisor_de_frequencia:instDiv|flip_flop_d:ff0|q            ; 0.359 ; 0.000         ;
; clkIN                                                      ; 0.387 ; 0.000         ;
; divisor_de_frequencia:instDiv|flip_flop_d:gen_for[1].ffN|q ; 0.626 ; 0.000         ;
+------------------------------------------------------------+-------+---------------+


+-------------------------------------------------------------------------------------+
; Fast 1200mV 0C Model Hold Summary                                                   ;
+------------------------------------------------------------+--------+---------------+
; Clock                                                      ; Slack  ; End Point TNS ;
+------------------------------------------------------------+--------+---------------+
; clkIN                                                      ; -0.232 ; -0.232        ;
; divisor_de_frequencia:instDiv|flip_flop_d:ff0|q            ; -0.005 ; -0.005        ;
; divisor_de_frequencia:instDiv|flip_flop_d:gen_for[0].ffN|q ; 0.008  ; 0.000         ;
; runDebugIN                                                 ; 0.179  ; 0.000         ;
; divisor_de_frequencia:instDiv|flip_flop_d:gen_for[1].ffN|q ; 0.208  ; 0.000         ;
+------------------------------------------------------------+--------+---------------+


-----------------------------------------
; Fast 1200mV 0C Model Recovery Summary ;
-----------------------------------------
No paths to report.


----------------------------------------
; Fast 1200mV 0C Model Removal Summary ;
----------------------------------------
No paths to report.


+-------------------------------------------------------------------------------------+
; Fast 1200mV 0C Model Minimum Pulse Width Summary                                    ;
+------------------------------------------------------------+--------+---------------+
; Clock                                                      ; Slack  ; End Point TNS ;
+------------------------------------------------------------+--------+---------------+
; runDebugIN                                                 ; -3.000 ; -14.715       ;
; clkIN                                                      ; -3.000 ; -4.000        ;
; divisor_de_frequencia:instDiv|flip_flop_d:ff0|q            ; -1.000 ; -1.000        ;
; divisor_de_frequencia:instDiv|flip_flop_d:gen_for[0].ffN|q ; -1.000 ; -1.000        ;
; divisor_de_frequencia:instDiv|flip_flop_d:gen_for[1].ffN|q ; -1.000 ; -1.000        ;
+------------------------------------------------------------+--------+---------------+


+-----------------------------------------------------------------------------------------------------------------------------------------------------------+
; Fast 1200mV 0C Model Setup: 'runDebugIN'                                                                                                                  ;
+-------+--------------------------------------+--------------------------------------+--------------+-------------+--------------+------------+------------+
; Slack ; From Node                            ; To Node                              ; Launch Clock ; Latch Clock ; Relationship ; Clock Skew ; Data Delay ;
+-------+--------------------------------------+--------------------------------------+--------------+-------------+--------------+------------+------------+
; 0.066 ; PC:inst6|ffd_enable:ffd1|q           ; PC:inst6|ffd_enable:ffd5|q           ; runDebugIN   ; runDebugIN  ; 1.000        ; -0.036     ; 0.885      ;
; 0.100 ; temporizador:inst5|flip_flop_d:ff0|q ; PC:inst6|ffd_enable:ffd6|q           ; runDebugIN   ; runDebugIN  ; 1.000        ; -0.036     ; 0.851      ;
; 0.114 ; PC:inst6|ffd_enable:ffd0|q           ; PC:inst6|ffd_enable:ffd5|q           ; runDebugIN   ; runDebugIN  ; 1.000        ; -0.036     ; 0.837      ;
; 0.130 ; PC:inst6|ffd_enable:ffd3|q           ; PC:inst6|ffd_enable:ffd6|q           ; runDebugIN   ; runDebugIN  ; 1.000        ; -0.036     ; 0.821      ;
; 0.147 ; temporizador:inst5|flip_flop_d:ff1|q ; PC:inst6|ffd_enable:ffd6|q           ; runDebugIN   ; runDebugIN  ; 1.000        ; -0.036     ; 0.804      ;
; 0.148 ; temporizador:inst5|flip_flop_d:ff0|q ; PC:inst6|ffd_enable:ffd4|q           ; runDebugIN   ; runDebugIN  ; 1.000        ; -0.036     ; 0.803      ;
; 0.160 ; temporizador:inst5|flip_flop_d:ff1|q ; PC:inst6|ffd_enable:ffd4|q           ; runDebugIN   ; runDebugIN  ; 1.000        ; -0.036     ; 0.791      ;
; 0.200 ; PC:inst6|ffd_enable:ffd2|q           ; PC:inst6|ffd_enable:ffd5|q           ; runDebugIN   ; runDebugIN  ; 1.000        ; -0.036     ; 0.751      ;
; 0.219 ; temporizador:inst5|flip_flop_d:ff0|q ; PC:inst6|ffd_enable:ffd5|q           ; runDebugIN   ; runDebugIN  ; 1.000        ; -0.036     ; 0.732      ;
; 0.239 ; PC:inst6|ffd_enable:ffd1|q           ; PC:inst6|ffd_enable:ffd2|q           ; runDebugIN   ; runDebugIN  ; 1.000        ; -0.036     ; 0.712      ;
; 0.242 ; PC:inst6|ffd_enable:ffd1|q           ; PC:inst6|ffd_enable:ffd4|q           ; runDebugIN   ; runDebugIN  ; 1.000        ; -0.036     ; 0.709      ;
; 0.243 ; PC:inst6|ffd_enable:ffd3|q           ; PC:inst6|ffd_enable:ffd5|q           ; runDebugIN   ; runDebugIN  ; 1.000        ; -0.036     ; 0.708      ;
; 0.246 ; PC:inst6|ffd_enable:ffd1|q           ; PC:inst6|ffd_enable:ffd3|q           ; runDebugIN   ; runDebugIN  ; 1.000        ; -0.036     ; 0.705      ;
; 0.246 ; PC:inst6|ffd_enable:ffd1|q           ; PC:inst6|ffd_enable:ffd6|q           ; runDebugIN   ; runDebugIN  ; 1.000        ; -0.036     ; 0.705      ;
; 0.253 ; PC:inst6|ffd_enable:ffd1|q           ; PC:inst6|ffd_enable:ffd7|q           ; runDebugIN   ; runDebugIN  ; 1.000        ; 0.153      ; 0.887      ;
; 0.263 ; PC:inst6|ffd_enable:ffd4|q           ; PC:inst6|ffd_enable:ffd7|q           ; runDebugIN   ; runDebugIN  ; 1.000        ; 0.153      ; 0.877      ;
; 0.269 ; PC:inst6|ffd_enable:ffd5|q           ; PC:inst6|ffd_enable:ffd6|q           ; runDebugIN   ; runDebugIN  ; 1.000        ; -0.036     ; 0.682      ;
; 0.282 ; temporizador:inst5|flip_flop_d:ff0|q ; PC:inst6|ffd_enable:ffd2|q           ; runDebugIN   ; runDebugIN  ; 1.000        ; -0.036     ; 0.669      ;
; 0.287 ; temporizador:inst5|flip_flop_d:ff1|q ; PC:inst6|ffd_enable:ffd2|q           ; runDebugIN   ; runDebugIN  ; 1.000        ; -0.036     ; 0.664      ;
; 0.290 ; PC:inst6|ffd_enable:ffd0|q           ; PC:inst6|ffd_enable:ffd4|q           ; runDebugIN   ; runDebugIN  ; 1.000        ; -0.036     ; 0.661      ;
; 0.294 ; PC:inst6|ffd_enable:ffd0|q           ; PC:inst6|ffd_enable:ffd3|q           ; runDebugIN   ; runDebugIN  ; 1.000        ; -0.036     ; 0.657      ;
; 0.294 ; PC:inst6|ffd_enable:ffd0|q           ; PC:inst6|ffd_enable:ffd6|q           ; runDebugIN   ; runDebugIN  ; 1.000        ; -0.036     ; 0.657      ;
; 0.301 ; temporizador:inst5|flip_flop_d:ff1|q ; PC:inst6|ffd_enable:ffd5|q           ; runDebugIN   ; runDebugIN  ; 1.000        ; -0.036     ; 0.650      ;
; 0.301 ; PC:inst6|ffd_enable:ffd0|q           ; PC:inst6|ffd_enable:ffd7|q           ; runDebugIN   ; runDebugIN  ; 1.000        ; 0.153      ; 0.839      ;
; 0.307 ; PC:inst6|ffd_enable:ffd6|q           ; PC:inst6|ffd_enable:ffd7|q           ; runDebugIN   ; runDebugIN  ; 1.000        ; 0.153      ; 0.833      ;
; 0.326 ; PC:inst6|ffd_enable:ffd4|q           ; PC:inst6|ffd_enable:ffd5|q           ; runDebugIN   ; runDebugIN  ; 1.000        ; -0.036     ; 0.625      ;
; 0.331 ; PC:inst6|ffd_enable:ffd0|q           ; PC:inst6|ffd_enable:ffd2|q           ; runDebugIN   ; runDebugIN  ; 1.000        ; -0.036     ; 0.620      ;
; 0.343 ; PC:inst6|ffd_enable:ffd3|q           ; PC:inst6|ffd_enable:ffd4|q           ; runDebugIN   ; runDebugIN  ; 1.000        ; -0.036     ; 0.608      ;
; 0.376 ; PC:inst6|ffd_enable:ffd2|q           ; PC:inst6|ffd_enable:ffd4|q           ; runDebugIN   ; runDebugIN  ; 1.000        ; -0.036     ; 0.575      ;
; 0.380 ; temporizador:inst5|flip_flop_d:ff1|q ; PC:inst6|ffd_enable:ffd0|q           ; runDebugIN   ; runDebugIN  ; 1.000        ; -0.036     ; 0.571      ;
; 0.380 ; PC:inst6|ffd_enable:ffd2|q           ; PC:inst6|ffd_enable:ffd3|q           ; runDebugIN   ; runDebugIN  ; 1.000        ; -0.036     ; 0.571      ;
; 0.380 ; PC:inst6|ffd_enable:ffd2|q           ; PC:inst6|ffd_enable:ffd6|q           ; runDebugIN   ; runDebugIN  ; 1.000        ; -0.036     ; 0.571      ;
; 0.383 ; temporizador:inst5|flip_flop_d:ff1|q ; PC:inst6|ffd_enable:ffd1|q           ; runDebugIN   ; runDebugIN  ; 1.000        ; -0.036     ; 0.568      ;
; 0.387 ; temporizador:inst5|flip_flop_d:ff1|q ; PC:inst6|ffd_enable:ffd3|q           ; runDebugIN   ; runDebugIN  ; 1.000        ; -0.036     ; 0.564      ;
; 0.387 ; PC:inst6|ffd_enable:ffd2|q           ; PC:inst6|ffd_enable:ffd7|q           ; runDebugIN   ; runDebugIN  ; 1.000        ; 0.153      ; 0.753      ;
; 0.406 ; temporizador:inst5|flip_flop_d:ff0|q ; PC:inst6|ffd_enable:ffd7|q           ; runDebugIN   ; runDebugIN  ; 1.000        ; 0.153      ; 0.734      ;
; 0.418 ; temporizador:inst5|flip_flop_d:ff0|q ; PC:inst6|ffd_enable:ffd3|q           ; runDebugIN   ; runDebugIN  ; 1.000        ; -0.036     ; 0.533      ;
; 0.421 ; temporizador:inst5|flip_flop_d:ff0|q ; PC:inst6|ffd_enable:ffd1|q           ; runDebugIN   ; runDebugIN  ; 1.000        ; -0.036     ; 0.530      ;
; 0.430 ; PC:inst6|ffd_enable:ffd3|q           ; PC:inst6|ffd_enable:ffd7|q           ; runDebugIN   ; runDebugIN  ; 1.000        ; 0.153      ; 0.710      ;
; 0.435 ; PC:inst6|ffd_enable:ffd5|q           ; PC:inst6|ffd_enable:ffd7|q           ; runDebugIN   ; runDebugIN  ; 1.000        ; 0.153      ; 0.705      ;
; 0.444 ; PC:inst6|ffd_enable:ffd4|q           ; PC:inst6|ffd_enable:ffd6|q           ; runDebugIN   ; runDebugIN  ; 1.000        ; -0.036     ; 0.507      ;
; 0.471 ; temporizador:inst5|flip_flop_d:ff0|q ; temporizador:inst5|flip_flop_d:ff1|q ; runDebugIN   ; runDebugIN  ; 1.000        ; -0.036     ; 0.480      ;
; 0.471 ; PC:inst6|ffd_enable:ffd0|q           ; PC:inst6|ffd_enable:ffd1|q           ; runDebugIN   ; runDebugIN  ; 1.000        ; -0.036     ; 0.480      ;
; 0.476 ; temporizador:inst5|flip_flop_d:ff0|q ; PC:inst6|ffd_enable:ffd0|q           ; runDebugIN   ; runDebugIN  ; 1.000        ; -0.036     ; 0.475      ;
; 0.490 ; temporizador:inst5|flip_flop_d:ff1|q ; PC:inst6|ffd_enable:ffd7|q           ; runDebugIN   ; runDebugIN  ; 1.000        ; 0.153      ; 0.650      ;
; 0.584 ; PC:inst6|ffd_enable:ffd7|q           ; PC:inst6|ffd_enable:ffd7|q           ; runDebugIN   ; runDebugIN  ; 1.000        ; -0.044     ; 0.359      ;
; 0.592 ; temporizador:inst5|flip_flop_d:ff0|q ; temporizador:inst5|flip_flop_d:ff0|q ; runDebugIN   ; runDebugIN  ; 1.000        ; -0.036     ; 0.359      ;
; 0.592 ; PC:inst6|ffd_enable:ffd5|q           ; PC:inst6|ffd_enable:ffd5|q           ; runDebugIN   ; runDebugIN  ; 1.000        ; -0.036     ; 0.359      ;
; 0.592 ; PC:inst6|ffd_enable:ffd6|q           ; PC:inst6|ffd_enable:ffd6|q           ; runDebugIN   ; runDebugIN  ; 1.000        ; -0.036     ; 0.359      ;
; 0.592 ; PC:inst6|ffd_enable:ffd4|q           ; PC:inst6|ffd_enable:ffd4|q           ; runDebugIN   ; runDebugIN  ; 1.000        ; -0.036     ; 0.359      ;
; 0.592 ; PC:inst6|ffd_enable:ffd2|q           ; PC:inst6|ffd_enable:ffd2|q           ; runDebugIN   ; runDebugIN  ; 1.000        ; -0.036     ; 0.359      ;
; 0.592 ; PC:inst6|ffd_enable:ffd3|q           ; PC:inst6|ffd_enable:ffd3|q           ; runDebugIN   ; runDebugIN  ; 1.000        ; -0.036     ; 0.359      ;
; 0.592 ; PC:inst6|ffd_enable:ffd0|q           ; PC:inst6|ffd_enable:ffd0|q           ; runDebugIN   ; runDebugIN  ; 1.000        ; -0.036     ; 0.359      ;
; 0.592 ; PC:inst6|ffd_enable:ffd1|q           ; PC:inst6|ffd_enable:ffd1|q           ; runDebugIN   ; runDebugIN  ; 1.000        ; -0.036     ; 0.359      ;
; 0.592 ; temporizador:inst5|flip_flop_d:ff1|q ; temporizador:inst5|flip_flop_d:ff1|q ; runDebugIN   ; runDebugIN  ; 1.000        ; -0.036     ; 0.359      ;
+-------+--------------------------------------+--------------------------------------+--------------+-------------+--------------+------------+------------+


+----------------------------------------------------------------------------------------------------------------------------------------------------------------------------------------------------------------------------------------------------------------------------------------------------+
; Fast 1200mV 0C Model Setup: 'divisor_de_frequencia:instDiv|flip_flop_d:gen_for[0].ffN|q'                                                                                                                                                                                                           ;
+-------+------------------------------------------------------------+------------------------------------------------------------+------------------------------------------------------------+------------------------------------------------------------+--------------+------------+------------+
; Slack ; From Node                                                  ; To Node                                                    ; Launch Clock                                               ; Latch Clock                                                ; Relationship ; Clock Skew ; Data Delay ;
+-------+------------------------------------------------------------+------------------------------------------------------------+------------------------------------------------------------+------------------------------------------------------------+--------------+------------+------------+
; 0.249 ; divisor_de_frequencia:instDiv|flip_flop_d:gen_for[1].ffN|q ; divisor_de_frequencia:instDiv|flip_flop_d:gen_for[1].ffN|q ; divisor_de_frequencia:instDiv|flip_flop_d:gen_for[1].ffN|q ; divisor_de_frequencia:instDiv|flip_flop_d:gen_for[0].ffN|q ; 0.500        ; 0.481      ; 0.844      ;
; 0.755 ; divisor_de_frequencia:instDiv|flip_flop_d:gen_for[1].ffN|q ; divisor_de_frequencia:instDiv|flip_flop_d:gen_for[1].ffN|q ; divisor_de_frequencia:instDiv|flip_flop_d:gen_for[1].ffN|q ; divisor_de_frequencia:instDiv|flip_flop_d:gen_for[0].ffN|q ; 1.000        ; 0.481      ; 0.838      ;
+-------+------------------------------------------------------------+------------------------------------------------------------+------------------------------------------------------------+------------------------------------------------------------+--------------+------------+------------+


+-----------------------------------------------------------------------------------------------------------------------------------------------------------------------------------------------------------------------------------------------------------------------------------------+
; Fast 1200mV 0C Model Setup: 'divisor_de_frequencia:instDiv|flip_flop_d:ff0|q'                                                                                                                                                                                                           ;
+-------+------------------------------------------------------------+------------------------------------------------------------+------------------------------------------------------------+-------------------------------------------------+--------------+------------+------------+
; Slack ; From Node                                                  ; To Node                                                    ; Launch Clock                                               ; Latch Clock                                     ; Relationship ; Clock Skew ; Data Delay ;
+-------+------------------------------------------------------------+------------------------------------------------------------+------------------------------------------------------------+-------------------------------------------------+--------------+------------+------------+
; 0.359 ; divisor_de_frequencia:instDiv|flip_flop_d:gen_for[0].ffN|q ; divisor_de_frequencia:instDiv|flip_flop_d:gen_for[0].ffN|q ; divisor_de_frequencia:instDiv|flip_flop_d:gen_for[0].ffN|q ; divisor_de_frequencia:instDiv|flip_flop_d:ff0|q ; 0.500        ; 0.415      ; 0.668      ;
; 0.878 ; divisor_de_frequencia:instDiv|flip_flop_d:gen_for[0].ffN|q ; divisor_de_frequencia:instDiv|flip_flop_d:gen_for[0].ffN|q ; divisor_de_frequencia:instDiv|flip_flop_d:gen_for[0].ffN|q ; divisor_de_frequencia:instDiv|flip_flop_d:ff0|q ; 1.000        ; 0.415      ; 0.649      ;
+-------+------------------------------------------------------------+------------------------------------------------------------+------------------------------------------------------------+-------------------------------------------------+--------------+------------+------------+


+--------------------------------------------------------------------------------------------------------------------------------------------------------------------------------------------------------------------+
; Fast 1200mV 0C Model Setup: 'clkIN'                                                                                                                                                                                ;
+-------+-------------------------------------------------+-------------------------------------------------+-------------------------------------------------+-------------+--------------+------------+------------+
; Slack ; From Node                                       ; To Node                                         ; Launch Clock                                    ; Latch Clock ; Relationship ; Clock Skew ; Data Delay ;
+-------+-------------------------------------------------+-------------------------------------------------+-------------------------------------------------+-------------+--------------+------------+------------+
; 0.387 ; divisor_de_frequencia:instDiv|flip_flop_d:ff0|q ; divisor_de_frequencia:instDiv|flip_flop_d:ff0|q ; divisor_de_frequencia:instDiv|flip_flop_d:ff0|q ; clkIN       ; 0.500        ; 1.740      ; 1.945      ;
; 0.877 ; divisor_de_frequencia:instDiv|flip_flop_d:ff0|q ; divisor_de_frequencia:instDiv|flip_flop_d:ff0|q ; divisor_de_frequencia:instDiv|flip_flop_d:ff0|q ; clkIN       ; 1.000        ; 1.740      ; 1.955      ;
+-------+-------------------------------------------------+-------------------------------------------------+-------------------------------------------------+-------------+--------------+------------+------------+


+----------------------------------------------------------------------------------------------------------------------------------------------------------------------------------------------------------------------------------------------------------------------------------------------------+
; Fast 1200mV 0C Model Setup: 'divisor_de_frequencia:instDiv|flip_flop_d:gen_for[1].ffN|q'                                                                                                                                                                                                           ;
+-------+------------------------------------------------------------+------------------------------------------------------------+------------------------------------------------------------+------------------------------------------------------------+--------------+------------+------------+
; Slack ; From Node                                                  ; To Node                                                    ; Launch Clock                                               ; Latch Clock                                                ; Relationship ; Clock Skew ; Data Delay ;
+-------+------------------------------------------------------------+------------------------------------------------------------+------------------------------------------------------------+------------------------------------------------------------+--------------+------------+------------+
; 0.626 ; divisor_de_frequencia:instDiv|flip_flop_d:gen_for[2].ffN|q ; divisor_de_frequencia:instDiv|flip_flop_d:gen_for[2].ffN|q ; divisor_de_frequencia:instDiv|flip_flop_d:gen_for[1].ffN|q ; divisor_de_frequencia:instDiv|flip_flop_d:gen_for[1].ffN|q ; 1.000        ; -0.022     ; 0.359      ;
+-------+------------------------------------------------------------+------------------------------------------------------------+------------------------------------------------------------+------------------------------------------------------------+--------------+------------+------------+


+---------------------------------------------------------------------------------------------------------------------------------------------------------------------------------------------------------------------+
; Fast 1200mV 0C Model Hold: 'clkIN'                                                                                                                                                                                  ;
+--------+-------------------------------------------------+-------------------------------------------------+-------------------------------------------------+-------------+--------------+------------+------------+
; Slack  ; From Node                                       ; To Node                                         ; Launch Clock                                    ; Latch Clock ; Relationship ; Clock Skew ; Data Delay ;
+--------+-------------------------------------------------+-------------------------------------------------+-------------------------------------------------+-------------+--------------+------------+------------+
; -0.232 ; divisor_de_frequencia:instDiv|flip_flop_d:ff0|q ; divisor_de_frequencia:instDiv|flip_flop_d:ff0|q ; divisor_de_frequencia:instDiv|flip_flop_d:ff0|q ; clkIN       ; 0.000        ; 1.805      ; 1.782      ;
; 0.276  ; divisor_de_frequencia:instDiv|flip_flop_d:ff0|q ; divisor_de_frequencia:instDiv|flip_flop_d:ff0|q ; divisor_de_frequencia:instDiv|flip_flop_d:ff0|q ; clkIN       ; -0.500       ; 1.805      ; 1.790      ;
+--------+-------------------------------------------------+-------------------------------------------------+-------------------------------------------------+-------------+--------------+------------+------------+


+------------------------------------------------------------------------------------------------------------------------------------------------------------------------------------------------------------------------------------------------------------------------------------------+
; Fast 1200mV 0C Model Hold: 'divisor_de_frequencia:instDiv|flip_flop_d:ff0|q'                                                                                                                                                                                                             ;
+--------+------------------------------------------------------------+------------------------------------------------------------+------------------------------------------------------------+-------------------------------------------------+--------------+------------+------------+
; Slack  ; From Node                                                  ; To Node                                                    ; Launch Clock                                               ; Latch Clock                                     ; Relationship ; Clock Skew ; Data Delay ;
+--------+------------------------------------------------------------+------------------------------------------------------------+------------------------------------------------------------+-------------------------------------------------+--------------+------------+------------+
; -0.005 ; divisor_de_frequencia:instDiv|flip_flop_d:gen_for[0].ffN|q ; divisor_de_frequencia:instDiv|flip_flop_d:gen_for[0].ffN|q ; divisor_de_frequencia:instDiv|flip_flop_d:gen_for[0].ffN|q ; divisor_de_frequencia:instDiv|flip_flop_d:ff0|q ; 0.000        ; 0.443      ; 0.627      ;
; 0.512  ; divisor_de_frequencia:instDiv|flip_flop_d:gen_for[0].ffN|q ; divisor_de_frequencia:instDiv|flip_flop_d:gen_for[0].ffN|q ; divisor_de_frequencia:instDiv|flip_flop_d:gen_for[0].ffN|q ; divisor_de_frequencia:instDiv|flip_flop_d:ff0|q ; -0.500       ; 0.443      ; 0.644      ;
+--------+------------------------------------------------------------+------------------------------------------------------------+------------------------------------------------------------+-------------------------------------------------+--------------+------------+------------+


+----------------------------------------------------------------------------------------------------------------------------------------------------------------------------------------------------------------------------------------------------------------------------------------------------+
; Fast 1200mV 0C Model Hold: 'divisor_de_frequencia:instDiv|flip_flop_d:gen_for[0].ffN|q'                                                                                                                                                                                                            ;
+-------+------------------------------------------------------------+------------------------------------------------------------+------------------------------------------------------------+------------------------------------------------------------+--------------+------------+------------+
; Slack ; From Node                                                  ; To Node                                                    ; Launch Clock                                               ; Latch Clock                                                ; Relationship ; Clock Skew ; Data Delay ;
+-------+------------------------------------------------------------+------------------------------------------------------------+------------------------------------------------------------+------------------------------------------------------------+--------------+------------+------------+
; 0.008 ; divisor_de_frequencia:instDiv|flip_flop_d:gen_for[1].ffN|q ; divisor_de_frequencia:instDiv|flip_flop_d:gen_for[1].ffN|q ; divisor_de_frequencia:instDiv|flip_flop_d:gen_for[1].ffN|q ; divisor_de_frequencia:instDiv|flip_flop_d:gen_for[0].ffN|q ; 0.000        ; 0.511      ; 0.708      ;
; 0.527 ; divisor_de_frequencia:instDiv|flip_flop_d:gen_for[1].ffN|q ; divisor_de_frequencia:instDiv|flip_flop_d:gen_for[1].ffN|q ; divisor_de_frequencia:instDiv|flip_flop_d:gen_for[1].ffN|q ; divisor_de_frequencia:instDiv|flip_flop_d:gen_for[0].ffN|q ; -0.500       ; 0.511      ; 0.727      ;
+-------+------------------------------------------------------------+------------------------------------------------------------+------------------------------------------------------------+------------------------------------------------------------+--------------+------------+------------+


+-----------------------------------------------------------------------------------------------------------------------------------------------------------+
; Fast 1200mV 0C Model Hold: 'runDebugIN'                                                                                                                   ;
+-------+--------------------------------------+--------------------------------------+--------------+-------------+--------------+------------+------------+
; Slack ; From Node                            ; To Node                              ; Launch Clock ; Latch Clock ; Relationship ; Clock Skew ; Data Delay ;
+-------+--------------------------------------+--------------------------------------+--------------+-------------+--------------+------------+------------+
; 0.179 ; PC:inst6|ffd_enable:ffd7|q           ; PC:inst6|ffd_enable:ffd7|q           ; runDebugIN   ; runDebugIN  ; 0.000        ; 0.044      ; 0.307      ;
; 0.187 ; PC:inst6|ffd_enable:ffd6|q           ; PC:inst6|ffd_enable:ffd6|q           ; runDebugIN   ; runDebugIN  ; 0.000        ; 0.036      ; 0.307      ;
; 0.187 ; PC:inst6|ffd_enable:ffd5|q           ; PC:inst6|ffd_enable:ffd5|q           ; runDebugIN   ; runDebugIN  ; 0.000        ; 0.036      ; 0.307      ;
; 0.187 ; PC:inst6|ffd_enable:ffd4|q           ; PC:inst6|ffd_enable:ffd4|q           ; runDebugIN   ; runDebugIN  ; 0.000        ; 0.036      ; 0.307      ;
; 0.187 ; PC:inst6|ffd_enable:ffd3|q           ; PC:inst6|ffd_enable:ffd3|q           ; runDebugIN   ; runDebugIN  ; 0.000        ; 0.036      ; 0.307      ;
; 0.187 ; PC:inst6|ffd_enable:ffd2|q           ; PC:inst6|ffd_enable:ffd2|q           ; runDebugIN   ; runDebugIN  ; 0.000        ; 0.036      ; 0.307      ;
; 0.187 ; PC:inst6|ffd_enable:ffd1|q           ; PC:inst6|ffd_enable:ffd1|q           ; runDebugIN   ; runDebugIN  ; 0.000        ; 0.036      ; 0.307      ;
; 0.187 ; PC:inst6|ffd_enable:ffd0|q           ; PC:inst6|ffd_enable:ffd0|q           ; runDebugIN   ; runDebugIN  ; 0.000        ; 0.036      ; 0.307      ;
; 0.187 ; temporizador:inst5|flip_flop_d:ff1|q ; temporizador:inst5|flip_flop_d:ff1|q ; runDebugIN   ; runDebugIN  ; 0.000        ; 0.036      ; 0.307      ;
; 0.194 ; temporizador:inst5|flip_flop_d:ff0|q ; temporizador:inst5|flip_flop_d:ff0|q ; runDebugIN   ; runDebugIN  ; 0.000        ; 0.036      ; 0.314      ;
; 0.267 ; temporizador:inst5|flip_flop_d:ff1|q ; PC:inst6|ffd_enable:ffd7|q           ; runDebugIN   ; runDebugIN  ; 0.000        ; 0.233      ; 0.584      ;
; 0.268 ; PC:inst6|ffd_enable:ffd5|q           ; PC:inst6|ffd_enable:ffd7|q           ; runDebugIN   ; runDebugIN  ; 0.000        ; 0.233      ; 0.585      ;
; 0.272 ; PC:inst6|ffd_enable:ffd3|q           ; PC:inst6|ffd_enable:ffd7|q           ; runDebugIN   ; runDebugIN  ; 0.000        ; 0.233      ; 0.589      ;
; 0.284 ; temporizador:inst5|flip_flop_d:ff0|q ; PC:inst6|ffd_enable:ffd0|q           ; runDebugIN   ; runDebugIN  ; 0.000        ; 0.036      ; 0.404      ;
; 0.286 ; temporizador:inst5|flip_flop_d:ff0|q ; PC:inst6|ffd_enable:ffd7|q           ; runDebugIN   ; runDebugIN  ; 0.000        ; 0.233      ; 0.603      ;
; 0.287 ; temporizador:inst5|flip_flop_d:ff0|q ; temporizador:inst5|flip_flop_d:ff1|q ; runDebugIN   ; runDebugIN  ; 0.000        ; 0.036      ; 0.407      ;
; 0.288 ; PC:inst6|ffd_enable:ffd0|q           ; PC:inst6|ffd_enable:ffd1|q           ; runDebugIN   ; runDebugIN  ; 0.000        ; 0.036      ; 0.408      ;
; 0.315 ; PC:inst6|ffd_enable:ffd4|q           ; PC:inst6|ffd_enable:ffd6|q           ; runDebugIN   ; runDebugIN  ; 0.000        ; 0.036      ; 0.435      ;
; 0.331 ; PC:inst6|ffd_enable:ffd2|q           ; PC:inst6|ffd_enable:ffd7|q           ; runDebugIN   ; runDebugIN  ; 0.000        ; 0.233      ; 0.648      ;
; 0.332 ; temporizador:inst5|flip_flop_d:ff0|q ; PC:inst6|ffd_enable:ffd1|q           ; runDebugIN   ; runDebugIN  ; 0.000        ; 0.036      ; 0.452      ;
; 0.335 ; temporizador:inst5|flip_flop_d:ff1|q ; PC:inst6|ffd_enable:ffd3|q           ; runDebugIN   ; runDebugIN  ; 0.000        ; 0.036      ; 0.455      ;
; 0.335 ; temporizador:inst5|flip_flop_d:ff0|q ; PC:inst6|ffd_enable:ffd3|q           ; runDebugIN   ; runDebugIN  ; 0.000        ; 0.036      ; 0.455      ;
; 0.338 ; temporizador:inst5|flip_flop_d:ff1|q ; PC:inst6|ffd_enable:ffd1|q           ; runDebugIN   ; runDebugIN  ; 0.000        ; 0.036      ; 0.458      ;
; 0.339 ; temporizador:inst5|flip_flop_d:ff1|q ; PC:inst6|ffd_enable:ffd0|q           ; runDebugIN   ; runDebugIN  ; 0.000        ; 0.036      ; 0.459      ;
; 0.366 ; PC:inst6|ffd_enable:ffd6|q           ; PC:inst6|ffd_enable:ffd7|q           ; runDebugIN   ; runDebugIN  ; 0.000        ; 0.233      ; 0.683      ;
; 0.369 ; PC:inst6|ffd_enable:ffd2|q           ; PC:inst6|ffd_enable:ffd6|q           ; runDebugIN   ; runDebugIN  ; 0.000        ; 0.036      ; 0.489      ;
; 0.370 ; PC:inst6|ffd_enable:ffd2|q           ; PC:inst6|ffd_enable:ffd3|q           ; runDebugIN   ; runDebugIN  ; 0.000        ; 0.036      ; 0.490      ;
; 0.372 ; PC:inst6|ffd_enable:ffd2|q           ; PC:inst6|ffd_enable:ffd4|q           ; runDebugIN   ; runDebugIN  ; 0.000        ; 0.036      ; 0.492      ;
; 0.379 ; PC:inst6|ffd_enable:ffd3|q           ; PC:inst6|ffd_enable:ffd4|q           ; runDebugIN   ; runDebugIN  ; 0.000        ; 0.036      ; 0.499      ;
; 0.390 ; PC:inst6|ffd_enable:ffd0|q           ; PC:inst6|ffd_enable:ffd2|q           ; runDebugIN   ; runDebugIN  ; 0.000        ; 0.036      ; 0.510      ;
; 0.397 ; PC:inst6|ffd_enable:ffd4|q           ; PC:inst6|ffd_enable:ffd5|q           ; runDebugIN   ; runDebugIN  ; 0.000        ; 0.036      ; 0.517      ;
; 0.402 ; PC:inst6|ffd_enable:ffd0|q           ; PC:inst6|ffd_enable:ffd7|q           ; runDebugIN   ; runDebugIN  ; 0.000        ; 0.233      ; 0.719      ;
; 0.410 ; PC:inst6|ffd_enable:ffd4|q           ; PC:inst6|ffd_enable:ffd7|q           ; runDebugIN   ; runDebugIN  ; 0.000        ; 0.233      ; 0.727      ;
; 0.432 ; PC:inst6|ffd_enable:ffd1|q           ; PC:inst6|ffd_enable:ffd7|q           ; runDebugIN   ; runDebugIN  ; 0.000        ; 0.233      ; 0.749      ;
; 0.440 ; PC:inst6|ffd_enable:ffd0|q           ; PC:inst6|ffd_enable:ffd6|q           ; runDebugIN   ; runDebugIN  ; 0.000        ; 0.036      ; 0.560      ;
; 0.441 ; PC:inst6|ffd_enable:ffd0|q           ; PC:inst6|ffd_enable:ffd3|q           ; runDebugIN   ; runDebugIN  ; 0.000        ; 0.036      ; 0.561      ;
; 0.443 ; PC:inst6|ffd_enable:ffd0|q           ; PC:inst6|ffd_enable:ffd4|q           ; runDebugIN   ; runDebugIN  ; 0.000        ; 0.036      ; 0.563      ;
; 0.453 ; temporizador:inst5|flip_flop_d:ff0|q ; PC:inst6|ffd_enable:ffd2|q           ; runDebugIN   ; runDebugIN  ; 0.000        ; 0.036      ; 0.573      ;
; 0.462 ; temporizador:inst5|flip_flop_d:ff1|q ; PC:inst6|ffd_enable:ffd5|q           ; runDebugIN   ; runDebugIN  ; 0.000        ; 0.036      ; 0.582      ;
; 0.469 ; PC:inst6|ffd_enable:ffd3|q           ; PC:inst6|ffd_enable:ffd5|q           ; runDebugIN   ; runDebugIN  ; 0.000        ; 0.036      ; 0.589      ;
; 0.470 ; PC:inst6|ffd_enable:ffd1|q           ; PC:inst6|ffd_enable:ffd6|q           ; runDebugIN   ; runDebugIN  ; 0.000        ; 0.036      ; 0.590      ;
; 0.471 ; PC:inst6|ffd_enable:ffd1|q           ; PC:inst6|ffd_enable:ffd3|q           ; runDebugIN   ; runDebugIN  ; 0.000        ; 0.036      ; 0.591      ;
; 0.473 ; PC:inst6|ffd_enable:ffd1|q           ; PC:inst6|ffd_enable:ffd4|q           ; runDebugIN   ; runDebugIN  ; 0.000        ; 0.036      ; 0.593      ;
; 0.474 ; PC:inst6|ffd_enable:ffd1|q           ; PC:inst6|ffd_enable:ffd2|q           ; runDebugIN   ; runDebugIN  ; 0.000        ; 0.036      ; 0.594      ;
; 0.479 ; temporizador:inst5|flip_flop_d:ff1|q ; PC:inst6|ffd_enable:ffd2|q           ; runDebugIN   ; runDebugIN  ; 0.000        ; 0.036      ; 0.599      ;
; 0.483 ; temporizador:inst5|flip_flop_d:ff0|q ; PC:inst6|ffd_enable:ffd5|q           ; runDebugIN   ; runDebugIN  ; 0.000        ; 0.036      ; 0.603      ;
; 0.506 ; PC:inst6|ffd_enable:ffd5|q           ; PC:inst6|ffd_enable:ffd6|q           ; runDebugIN   ; runDebugIN  ; 0.000        ; 0.036      ; 0.626      ;
; 0.528 ; PC:inst6|ffd_enable:ffd2|q           ; PC:inst6|ffd_enable:ffd5|q           ; runDebugIN   ; runDebugIN  ; 0.000        ; 0.036      ; 0.648      ;
; 0.541 ; temporizador:inst5|flip_flop_d:ff1|q ; PC:inst6|ffd_enable:ffd6|q           ; runDebugIN   ; runDebugIN  ; 0.000        ; 0.036      ; 0.661      ;
; 0.553 ; temporizador:inst5|flip_flop_d:ff0|q ; PC:inst6|ffd_enable:ffd4|q           ; runDebugIN   ; runDebugIN  ; 0.000        ; 0.036      ; 0.673      ;
; 0.599 ; PC:inst6|ffd_enable:ffd0|q           ; PC:inst6|ffd_enable:ffd5|q           ; runDebugIN   ; runDebugIN  ; 0.000        ; 0.036      ; 0.719      ;
; 0.605 ; temporizador:inst5|flip_flop_d:ff1|q ; PC:inst6|ffd_enable:ffd4|q           ; runDebugIN   ; runDebugIN  ; 0.000        ; 0.036      ; 0.725      ;
; 0.628 ; PC:inst6|ffd_enable:ffd3|q           ; PC:inst6|ffd_enable:ffd6|q           ; runDebugIN   ; runDebugIN  ; 0.000        ; 0.036      ; 0.748      ;
; 0.629 ; PC:inst6|ffd_enable:ffd1|q           ; PC:inst6|ffd_enable:ffd5|q           ; runDebugIN   ; runDebugIN  ; 0.000        ; 0.036      ; 0.749      ;
; 0.647 ; temporizador:inst5|flip_flop_d:ff0|q ; PC:inst6|ffd_enable:ffd6|q           ; runDebugIN   ; runDebugIN  ; 0.000        ; 0.036      ; 0.767      ;
+-------+--------------------------------------+--------------------------------------+--------------+-------------+--------------+------------+------------+


+----------------------------------------------------------------------------------------------------------------------------------------------------------------------------------------------------------------------------------------------------------------------------------------------------+
; Fast 1200mV 0C Model Hold: 'divisor_de_frequencia:instDiv|flip_flop_d:gen_for[1].ffN|q'                                                                                                                                                                                                            ;
+-------+------------------------------------------------------------+------------------------------------------------------------+------------------------------------------------------------+------------------------------------------------------------+--------------+------------+------------+
; Slack ; From Node                                                  ; To Node                                                    ; Launch Clock                                               ; Latch Clock                                                ; Relationship ; Clock Skew ; Data Delay ;
+-------+------------------------------------------------------------+------------------------------------------------------------+------------------------------------------------------------+------------------------------------------------------------+--------------+------------+------------+
; 0.208 ; divisor_de_frequencia:instDiv|flip_flop_d:gen_for[2].ffN|q ; divisor_de_frequencia:instDiv|flip_flop_d:gen_for[2].ffN|q ; divisor_de_frequencia:instDiv|flip_flop_d:gen_for[1].ffN|q ; divisor_de_frequencia:instDiv|flip_flop_d:gen_for[1].ffN|q ; 0.000        ; 0.022      ; 0.314      ;
+-------+------------------------------------------------------------+------------------------------------------------------------+------------------------------------------------------------+------------------------------------------------------------+--------------+------------+------------+


+----------------------------------------------------------------------------------------------------------------------------+
; Fast 1200mV 0C Model Minimum Pulse Width: 'runDebugIN'                                                                     ;
+--------+--------------+----------------+------------------+------------+------------+--------------------------------------+
; Slack  ; Actual Width ; Required Width ; Type             ; Clock      ; Clock Edge ; Target                               ;
+--------+--------------+----------------+------------------+------------+------------+--------------------------------------+
; -3.000 ; 1.000        ; 4.000          ; Port Rate        ; runDebugIN ; Rise       ; runDebugIN                           ;
; -1.000 ; 1.000        ; 2.000          ; Min Period       ; runDebugIN ; Rise       ; PC:inst6|ffd_enable:ffd0|q           ;
; -1.000 ; 1.000        ; 2.000          ; Min Period       ; runDebugIN ; Rise       ; PC:inst6|ffd_enable:ffd1|q           ;
; -1.000 ; 1.000        ; 2.000          ; Min Period       ; runDebugIN ; Rise       ; PC:inst6|ffd_enable:ffd2|q           ;
; -1.000 ; 1.000        ; 2.000          ; Min Period       ; runDebugIN ; Rise       ; PC:inst6|ffd_enable:ffd3|q           ;
; -1.000 ; 1.000        ; 2.000          ; Min Period       ; runDebugIN ; Rise       ; PC:inst6|ffd_enable:ffd4|q           ;
; -1.000 ; 1.000        ; 2.000          ; Min Period       ; runDebugIN ; Rise       ; PC:inst6|ffd_enable:ffd5|q           ;
; -1.000 ; 1.000        ; 2.000          ; Min Period       ; runDebugIN ; Rise       ; PC:inst6|ffd_enable:ffd6|q           ;
; -1.000 ; 1.000        ; 2.000          ; Min Period       ; runDebugIN ; Rise       ; PC:inst6|ffd_enable:ffd7|q           ;
; -1.000 ; 1.000        ; 2.000          ; Min Period       ; runDebugIN ; Rise       ; temporizador:inst5|flip_flop_d:ff0|q ;
; -1.000 ; 1.000        ; 2.000          ; Min Period       ; runDebugIN ; Rise       ; temporizador:inst5|flip_flop_d:ff1|q ;
; -0.196 ; -0.012       ; 0.184          ; Low Pulse Width  ; runDebugIN ; Rise       ; PC:inst6|ffd_enable:ffd7|q           ;
; -0.167 ; 0.017        ; 0.184          ; Low Pulse Width  ; runDebugIN ; Rise       ; PC:inst6|ffd_enable:ffd0|q           ;
; -0.167 ; 0.017        ; 0.184          ; Low Pulse Width  ; runDebugIN ; Rise       ; PC:inst6|ffd_enable:ffd1|q           ;
; -0.167 ; 0.017        ; 0.184          ; Low Pulse Width  ; runDebugIN ; Rise       ; PC:inst6|ffd_enable:ffd2|q           ;
; -0.167 ; 0.017        ; 0.184          ; Low Pulse Width  ; runDebugIN ; Rise       ; PC:inst6|ffd_enable:ffd3|q           ;
; -0.167 ; 0.017        ; 0.184          ; Low Pulse Width  ; runDebugIN ; Rise       ; PC:inst6|ffd_enable:ffd4|q           ;
; -0.167 ; 0.017        ; 0.184          ; Low Pulse Width  ; runDebugIN ; Rise       ; PC:inst6|ffd_enable:ffd5|q           ;
; -0.167 ; 0.017        ; 0.184          ; Low Pulse Width  ; runDebugIN ; Rise       ; PC:inst6|ffd_enable:ffd6|q           ;
; -0.167 ; 0.017        ; 0.184          ; Low Pulse Width  ; runDebugIN ; Rise       ; temporizador:inst5|flip_flop_d:ff0|q ;
; -0.167 ; 0.017        ; 0.184          ; Low Pulse Width  ; runDebugIN ; Rise       ; temporizador:inst5|flip_flop_d:ff1|q ;
; -0.016 ; -0.016       ; 0.000          ; Low Pulse Width  ; runDebugIN ; Rise       ; inst6|ffd7|q|clk                     ;
; 0.013  ; 0.013        ; 0.000          ; Low Pulse Width  ; runDebugIN ; Rise       ; inst5|ff0|q|clk                      ;
; 0.013  ; 0.013        ; 0.000          ; Low Pulse Width  ; runDebugIN ; Rise       ; inst5|ff1|q|clk                      ;
; 0.013  ; 0.013        ; 0.000          ; Low Pulse Width  ; runDebugIN ; Rise       ; inst6|ffd0|q|clk                     ;
; 0.013  ; 0.013        ; 0.000          ; Low Pulse Width  ; runDebugIN ; Rise       ; inst6|ffd1|q|clk                     ;
; 0.013  ; 0.013        ; 0.000          ; Low Pulse Width  ; runDebugIN ; Rise       ; inst6|ffd2|q|clk                     ;
; 0.013  ; 0.013        ; 0.000          ; Low Pulse Width  ; runDebugIN ; Rise       ; inst6|ffd3|q|clk                     ;
; 0.013  ; 0.013        ; 0.000          ; Low Pulse Width  ; runDebugIN ; Rise       ; inst6|ffd4|q|clk                     ;
; 0.013  ; 0.013        ; 0.000          ; Low Pulse Width  ; runDebugIN ; Rise       ; inst6|ffd5|q|clk                     ;
; 0.013  ; 0.013        ; 0.000          ; Low Pulse Width  ; runDebugIN ; Rise       ; inst6|ffd6|q|clk                     ;
; 0.023  ; 0.023        ; 0.000          ; Low Pulse Width  ; runDebugIN ; Rise       ; inst7|clkOut~clkctrl|inclk[0]        ;
; 0.023  ; 0.023        ; 0.000          ; Low Pulse Width  ; runDebugIN ; Rise       ; inst7|clkOut~clkctrl|outclk          ;
; 0.067  ; 0.067        ; 0.000          ; Low Pulse Width  ; runDebugIN ; Rise       ; inst7|clkOut|combout                 ;
; 0.070  ; 0.070        ; 0.000          ; Low Pulse Width  ; runDebugIN ; Rise       ; inst7|clkOut|datac                   ;
; 0.118  ; 0.118        ; 0.000          ; Low Pulse Width  ; runDebugIN ; Rise       ; runDebugIN~input|o                   ;
; 0.500  ; 0.500        ; 0.000          ; High Pulse Width ; runDebugIN ; Rise       ; runDebugIN~input|i                   ;
; 0.500  ; 0.500        ; 0.000          ; Low Pulse Width  ; runDebugIN ; Rise       ; runDebugIN~input|i                   ;
; 0.762  ; 0.978        ; 0.216          ; High Pulse Width ; runDebugIN ; Rise       ; PC:inst6|ffd_enable:ffd0|q           ;
; 0.762  ; 0.978        ; 0.216          ; High Pulse Width ; runDebugIN ; Rise       ; PC:inst6|ffd_enable:ffd1|q           ;
; 0.762  ; 0.978        ; 0.216          ; High Pulse Width ; runDebugIN ; Rise       ; PC:inst6|ffd_enable:ffd2|q           ;
; 0.762  ; 0.978        ; 0.216          ; High Pulse Width ; runDebugIN ; Rise       ; PC:inst6|ffd_enable:ffd3|q           ;
; 0.762  ; 0.978        ; 0.216          ; High Pulse Width ; runDebugIN ; Rise       ; PC:inst6|ffd_enable:ffd4|q           ;
; 0.762  ; 0.978        ; 0.216          ; High Pulse Width ; runDebugIN ; Rise       ; PC:inst6|ffd_enable:ffd5|q           ;
; 0.762  ; 0.978        ; 0.216          ; High Pulse Width ; runDebugIN ; Rise       ; PC:inst6|ffd_enable:ffd6|q           ;
; 0.762  ; 0.978        ; 0.216          ; High Pulse Width ; runDebugIN ; Rise       ; temporizador:inst5|flip_flop_d:ff0|q ;
; 0.762  ; 0.978        ; 0.216          ; High Pulse Width ; runDebugIN ; Rise       ; temporizador:inst5|flip_flop_d:ff1|q ;
; 0.790  ; 1.006        ; 0.216          ; High Pulse Width ; runDebugIN ; Rise       ; PC:inst6|ffd_enable:ffd7|q           ;
; 0.882  ; 0.882        ; 0.000          ; High Pulse Width ; runDebugIN ; Rise       ; runDebugIN~input|o                   ;
; 0.930  ; 0.930        ; 0.000          ; High Pulse Width ; runDebugIN ; Rise       ; inst7|clkOut|datac                   ;
; 0.933  ; 0.933        ; 0.000          ; High Pulse Width ; runDebugIN ; Rise       ; inst7|clkOut|combout                 ;
; 0.975  ; 0.975        ; 0.000          ; High Pulse Width ; runDebugIN ; Rise       ; inst7|clkOut~clkctrl|inclk[0]        ;
; 0.975  ; 0.975        ; 0.000          ; High Pulse Width ; runDebugIN ; Rise       ; inst7|clkOut~clkctrl|outclk          ;
; 0.984  ; 0.984        ; 0.000          ; High Pulse Width ; runDebugIN ; Rise       ; inst5|ff0|q|clk                      ;
; 0.984  ; 0.984        ; 0.000          ; High Pulse Width ; runDebugIN ; Rise       ; inst5|ff1|q|clk                      ;
; 0.984  ; 0.984        ; 0.000          ; High Pulse Width ; runDebugIN ; Rise       ; inst6|ffd0|q|clk                     ;
; 0.984  ; 0.984        ; 0.000          ; High Pulse Width ; runDebugIN ; Rise       ; inst6|ffd1|q|clk                     ;
; 0.984  ; 0.984        ; 0.000          ; High Pulse Width ; runDebugIN ; Rise       ; inst6|ffd2|q|clk                     ;
; 0.984  ; 0.984        ; 0.000          ; High Pulse Width ; runDebugIN ; Rise       ; inst6|ffd3|q|clk                     ;
; 0.984  ; 0.984        ; 0.000          ; High Pulse Width ; runDebugIN ; Rise       ; inst6|ffd4|q|clk                     ;
; 0.984  ; 0.984        ; 0.000          ; High Pulse Width ; runDebugIN ; Rise       ; inst6|ffd5|q|clk                     ;
; 0.984  ; 0.984        ; 0.000          ; High Pulse Width ; runDebugIN ; Rise       ; inst6|ffd6|q|clk                     ;
; 1.012  ; 1.012        ; 0.000          ; High Pulse Width ; runDebugIN ; Rise       ; inst6|ffd7|q|clk                     ;
+--------+--------------+----------------+------------------+------------+------------+--------------------------------------+


+----------------------------------------------------------------------------------------------------------------------------------+
; Fast 1200mV 0C Model Minimum Pulse Width: 'clkIN'                                                                                ;
+--------+--------------+----------------+------------------+-------+------------+-------------------------------------------------+
; Slack  ; Actual Width ; Required Width ; Type             ; Clock ; Clock Edge ; Target                                          ;
+--------+--------------+----------------+------------------+-------+------------+-------------------------------------------------+
; -3.000 ; 1.000        ; 4.000          ; Port Rate        ; clkIN ; Rise       ; clkIN                                           ;
; -1.000 ; 1.000        ; 2.000          ; Min Period       ; clkIN ; Rise       ; divisor_de_frequencia:instDiv|flip_flop_d:ff0|q ;
; 0.080  ; 0.264        ; 0.184          ; Low Pulse Width  ; clkIN ; Rise       ; divisor_de_frequencia:instDiv|flip_flop_d:ff0|q ;
; 0.118  ; 0.118        ; 0.000          ; Low Pulse Width  ; clkIN ; Rise       ; clkIN~input|o                                   ;
; 0.258  ; 0.258        ; 0.000          ; Low Pulse Width  ; clkIN ; Rise       ; instDiv|ff0|q|clk                               ;
; 0.500  ; 0.500        ; 0.000          ; High Pulse Width ; clkIN ; Rise       ; clkIN~input|i                                   ;
; 0.500  ; 0.500        ; 0.000          ; Low Pulse Width  ; clkIN ; Rise       ; clkIN~input|i                                   ;
; 0.516  ; 0.732        ; 0.216          ; High Pulse Width ; clkIN ; Rise       ; divisor_de_frequencia:instDiv|flip_flop_d:ff0|q ;
; 0.736  ; 0.736        ; 0.000          ; High Pulse Width ; clkIN ; Rise       ; instDiv|ff0|q|clk                               ;
; 0.882  ; 0.882        ; 0.000          ; High Pulse Width ; clkIN ; Rise       ; clkIN~input|o                                   ;
+--------+--------------+----------------+------------------+-------+------------+-------------------------------------------------+


+---------------------------------------------------------------------------------------------------------------------------------------------------------------------------------------+
; Fast 1200mV 0C Model Minimum Pulse Width: 'divisor_de_frequencia:instDiv|flip_flop_d:ff0|q'                                                                                           ;
+--------+--------------+----------------+------------------+-------------------------------------------------+------------+------------------------------------------------------------+
; Slack  ; Actual Width ; Required Width ; Type             ; Clock                                           ; Clock Edge ; Target                                                     ;
+--------+--------------+----------------+------------------+-------------------------------------------------+------------+------------------------------------------------------------+
; -1.000 ; 1.000        ; 2.000          ; Min Period       ; divisor_de_frequencia:instDiv|flip_flop_d:ff0|q ; Rise       ; divisor_de_frequencia:instDiv|flip_flop_d:gen_for[0].ffN|q ;
; 0.278  ; 0.462        ; 0.184          ; Low Pulse Width  ; divisor_de_frequencia:instDiv|flip_flop_d:ff0|q ; Rise       ; divisor_de_frequencia:instDiv|flip_flop_d:gen_for[0].ffN|q ;
; 0.318  ; 0.534        ; 0.216          ; High Pulse Width ; divisor_de_frequencia:instDiv|flip_flop_d:ff0|q ; Rise       ; divisor_de_frequencia:instDiv|flip_flop_d:gen_for[0].ffN|q ;
; 0.458  ; 0.458        ; 0.000          ; Low Pulse Width  ; divisor_de_frequencia:instDiv|flip_flop_d:ff0|q ; Rise       ; instDiv|gen_for[0].ffN|q|clk                               ;
; 0.500  ; 0.500        ; 0.000          ; High Pulse Width ; divisor_de_frequencia:instDiv|flip_flop_d:ff0|q ; Rise       ; instDiv|ff0|q|q                                            ;
; 0.500  ; 0.500        ; 0.000          ; Low Pulse Width  ; divisor_de_frequencia:instDiv|flip_flop_d:ff0|q ; Rise       ; instDiv|ff0|q|q                                            ;
; 0.540  ; 0.540        ; 0.000          ; High Pulse Width ; divisor_de_frequencia:instDiv|flip_flop_d:ff0|q ; Rise       ; instDiv|gen_for[0].ffN|q|clk                               ;
+--------+--------------+----------------+------------------+-------------------------------------------------+------------+------------------------------------------------------------+


+--------------------------------------------------------------------------------------------------------------------------------------------------------------------------------------------------+
; Fast 1200mV 0C Model Minimum Pulse Width: 'divisor_de_frequencia:instDiv|flip_flop_d:gen_for[0].ffN|q'                                                                                           ;
+--------+--------------+----------------+------------------+------------------------------------------------------------+------------+------------------------------------------------------------+
; Slack  ; Actual Width ; Required Width ; Type             ; Clock                                                      ; Clock Edge ; Target                                                     ;
+--------+--------------+----------------+------------------+------------------------------------------------------------+------------+------------------------------------------------------------+
; -1.000 ; 1.000        ; 2.000          ; Min Period       ; divisor_de_frequencia:instDiv|flip_flop_d:gen_for[0].ffN|q ; Rise       ; divisor_de_frequencia:instDiv|flip_flop_d:gen_for[1].ffN|q ;
; 0.277  ; 0.461        ; 0.184          ; Low Pulse Width  ; divisor_de_frequencia:instDiv|flip_flop_d:gen_for[0].ffN|q ; Rise       ; divisor_de_frequencia:instDiv|flip_flop_d:gen_for[1].ffN|q ;
; 0.319  ; 0.535        ; 0.216          ; High Pulse Width ; divisor_de_frequencia:instDiv|flip_flop_d:gen_for[0].ffN|q ; Rise       ; divisor_de_frequencia:instDiv|flip_flop_d:gen_for[1].ffN|q ;
; 0.457  ; 0.457        ; 0.000          ; Low Pulse Width  ; divisor_de_frequencia:instDiv|flip_flop_d:gen_for[0].ffN|q ; Rise       ; instDiv|gen_for[1].ffN|q|clk                               ;
; 0.500  ; 0.500        ; 0.000          ; High Pulse Width ; divisor_de_frequencia:instDiv|flip_flop_d:gen_for[0].ffN|q ; Rise       ; instDiv|gen_for[0].ffN|q|q                                 ;
; 0.500  ; 0.500        ; 0.000          ; Low Pulse Width  ; divisor_de_frequencia:instDiv|flip_flop_d:gen_for[0].ffN|q ; Rise       ; instDiv|gen_for[0].ffN|q|q                                 ;
; 0.541  ; 0.541        ; 0.000          ; High Pulse Width ; divisor_de_frequencia:instDiv|flip_flop_d:gen_for[0].ffN|q ; Rise       ; instDiv|gen_for[1].ffN|q|clk                               ;
+--------+--------------+----------------+------------------+------------------------------------------------------------+------------+------------------------------------------------------------+


+--------------------------------------------------------------------------------------------------------------------------------------------------------------------------------------------------+
; Fast 1200mV 0C Model Minimum Pulse Width: 'divisor_de_frequencia:instDiv|flip_flop_d:gen_for[1].ffN|q'                                                                                           ;
+--------+--------------+----------------+------------------+------------------------------------------------------------+------------+------------------------------------------------------------+
; Slack  ; Actual Width ; Required Width ; Type             ; Clock                                                      ; Clock Edge ; Target                                                     ;
+--------+--------------+----------------+------------------+------------------------------------------------------------+------------+------------------------------------------------------------+
; -1.000 ; 1.000        ; 2.000          ; Min Period       ; divisor_de_frequencia:instDiv|flip_flop_d:gen_for[1].ffN|q ; Rise       ; divisor_de_frequencia:instDiv|flip_flop_d:gen_for[2].ffN|q ;
; 0.276  ; 0.460        ; 0.184          ; Low Pulse Width  ; divisor_de_frequencia:instDiv|flip_flop_d:gen_for[1].ffN|q ; Rise       ; divisor_de_frequencia:instDiv|flip_flop_d:gen_for[2].ffN|q ;
; 0.321  ; 0.537        ; 0.216          ; High Pulse Width ; divisor_de_frequencia:instDiv|flip_flop_d:gen_for[1].ffN|q ; Rise       ; divisor_de_frequencia:instDiv|flip_flop_d:gen_for[2].ffN|q ;
; 0.456  ; 0.456        ; 0.000          ; Low Pulse Width  ; divisor_de_frequencia:instDiv|flip_flop_d:gen_for[1].ffN|q ; Rise       ; instDiv|gen_for[2].ffN|q|clk                               ;
; 0.500  ; 0.500        ; 0.000          ; High Pulse Width ; divisor_de_frequencia:instDiv|flip_flop_d:gen_for[1].ffN|q ; Rise       ; instDiv|gen_for[1].ffN|q|q                                 ;
; 0.500  ; 0.500        ; 0.000          ; Low Pulse Width  ; divisor_de_frequencia:instDiv|flip_flop_d:gen_for[1].ffN|q ; Rise       ; instDiv|gen_for[1].ffN|q|q                                 ;
; 0.543  ; 0.543        ; 0.000          ; High Pulse Width ; divisor_de_frequencia:instDiv|flip_flop_d:gen_for[1].ffN|q ; Rise       ; instDiv|gen_for[2].ffN|q|clk                               ;
+--------+--------------+----------------+------------------+------------------------------------------------------------+------------+------------------------------------------------------------+


+-----------------------------------------------------------------------+
; Clock to Output Times                                                 ;
+-----------+------------+-------+-------+------------+-----------------+
; Data Port ; Clock Port ; Rise  ; Fall  ; Clock Edge ; Clock Reference ;
+-----------+------------+-------+-------+------------+-----------------+
; PC_0A     ; runDebugIN ; 4.663 ; 4.675 ; Rise       ; runDebugIN      ;
; PC_0B     ; runDebugIN ; 4.660 ; 4.695 ; Rise       ; runDebugIN      ;
; PC_0C     ; runDebugIN ; 4.815 ; 4.841 ; Rise       ; runDebugIN      ;
; PC_0D     ; runDebugIN ; 4.663 ; 4.688 ; Rise       ; runDebugIN      ;
; PC_0E     ; runDebugIN ; 4.699 ; 4.623 ; Rise       ; runDebugIN      ;
; PC_0F     ; runDebugIN ; 4.717 ; 4.711 ; Rise       ; runDebugIN      ;
; PC_0G     ; runDebugIN ; 4.902 ; 4.894 ; Rise       ; runDebugIN      ;
; PC_1A     ; runDebugIN ; 4.897 ; 4.894 ; Rise       ; runDebugIN      ;
; PC_1B     ; runDebugIN ; 4.829 ; 4.861 ; Rise       ; runDebugIN      ;
; PC_1C     ; runDebugIN ; 4.852 ; 4.856 ; Rise       ; runDebugIN      ;
; PC_1D     ; runDebugIN ; 4.888 ; 4.880 ; Rise       ; runDebugIN      ;
; PC_1E     ; runDebugIN ; 4.759 ; 4.695 ; Rise       ; runDebugIN      ;
; PC_1F     ; runDebugIN ; 4.763 ; 4.733 ; Rise       ; runDebugIN      ;
; PC_1G     ; runDebugIN ; 4.829 ; 4.789 ; Rise       ; runDebugIN      ;
; t0Output  ; runDebugIN ; 4.844 ; 4.742 ; Rise       ; runDebugIN      ;
; t1Output  ; runDebugIN ; 4.637 ; 4.671 ; Rise       ; runDebugIN      ;
; t2Output  ; runDebugIN ; 4.560 ; 4.523 ; Rise       ; runDebugIN      ;
; t3Output  ; runDebugIN ; 4.494 ; 4.586 ; Rise       ; runDebugIN      ;
+-----------+------------+-------+-------+------------+-----------------+


+-----------------------------------------------------------------------+
; Minimum Clock to Output Times                                         ;
+-----------+------------+-------+-------+------------+-----------------+
; Data Port ; Clock Port ; Rise  ; Fall  ; Clock Edge ; Clock Reference ;
+-----------+------------+-------+-------+------------+-----------------+
; PC_0A     ; runDebugIN ; 4.315 ; 4.324 ; Rise       ; runDebugIN      ;
; PC_0B     ; runDebugIN ; 4.332 ; 4.404 ; Rise       ; runDebugIN      ;
; PC_0C     ; runDebugIN ; 4.447 ; 4.480 ; Rise       ; runDebugIN      ;
; PC_0D     ; runDebugIN ; 4.304 ; 4.315 ; Rise       ; runDebugIN      ;
; PC_0E     ; runDebugIN ; 4.338 ; 4.348 ; Rise       ; runDebugIN      ;
; PC_0F     ; runDebugIN ; 4.363 ; 4.352 ; Rise       ; runDebugIN      ;
; PC_0G     ; runDebugIN ; 4.529 ; 4.560 ; Rise       ; runDebugIN      ;
; PC_1A     ; runDebugIN ; 4.355 ; 4.370 ; Rise       ; runDebugIN      ;
; PC_1B     ; runDebugIN ; 4.318 ; 4.384 ; Rise       ; runDebugIN      ;
; PC_1C     ; runDebugIN ; 4.339 ; 4.360 ; Rise       ; runDebugIN      ;
; PC_1D     ; runDebugIN ; 4.338 ; 4.361 ; Rise       ; runDebugIN      ;
; PC_1E     ; runDebugIN ; 4.223 ; 4.234 ; Rise       ; runDebugIN      ;
; PC_1F     ; runDebugIN ; 4.239 ; 4.228 ; Rise       ; runDebugIN      ;
; PC_1G     ; runDebugIN ; 4.292 ; 4.305 ; Rise       ; runDebugIN      ;
; t0Output  ; runDebugIN ; 4.648 ; 4.560 ; Rise       ; runDebugIN      ;
; t1Output  ; runDebugIN ; 4.458 ; 4.507 ; Rise       ; runDebugIN      ;
; t2Output  ; runDebugIN ; 4.338 ; 4.395 ; Rise       ; runDebugIN      ;
; t3Output  ; runDebugIN ; 4.290 ; 4.358 ; Rise       ; runDebugIN      ;
+-----------+------------+-------+-------+------------+-----------------+


---------------------------------------------
; Fast 1200mV 0C Model Metastability Report ;
---------------------------------------------
No synchronizer chains to report.


+--------------------------------------------------------------------------------------------------------------------------+
; Multicorner Timing Analysis Summary                                                                                      ;
+-------------------------------------------------------------+--------+--------+----------+---------+---------------------+
; Clock                                                       ; Setup  ; Hold   ; Recovery ; Removal ; Minimum Pulse Width ;
+-------------------------------------------------------------+--------+--------+----------+---------+---------------------+
; Worst-case Slack                                            ; -0.674 ; -0.304 ; N/A      ; N/A     ; -3.000              ;
;  clkIN                                                      ; 0.213  ; -0.304 ; N/A      ; N/A     ; -3.000              ;
;  divisor_de_frequencia:instDiv|flip_flop_d:ff0|q            ; 0.204  ; -0.005 ; N/A      ; N/A     ; -1.000              ;
;  divisor_de_frequencia:instDiv|flip_flop_d:gen_for[0].ffN|q ; 0.049  ; -0.015 ; N/A      ; N/A     ; -1.000              ;
;  divisor_de_frequencia:instDiv|flip_flop_d:gen_for[1].ffN|q ; 0.318  ; 0.208  ; N/A      ; N/A     ; -1.000              ;
;  runDebugIN                                                 ; -0.674 ; 0.179  ; N/A      ; N/A     ; -3.000              ;
; Design-wide TNS                                             ; -3.01  ; -0.319 ; 0.0      ; 0.0     ; -21.715             ;
;  clkIN                                                      ; 0.000  ; -0.304 ; N/A      ; N/A     ; -4.000              ;
;  divisor_de_frequencia:instDiv|flip_flop_d:ff0|q            ; 0.000  ; -0.005 ; N/A      ; N/A     ; -1.000              ;
;  divisor_de_frequencia:instDiv|flip_flop_d:gen_for[0].ffN|q ; 0.000  ; -0.015 ; N/A      ; N/A     ; -1.000              ;
;  divisor_de_frequencia:instDiv|flip_flop_d:gen_for[1].ffN|q ; 0.000  ; 0.000  ; N/A      ; N/A     ; -1.000              ;
;  runDebugIN                                                 ; -3.010 ; 0.000  ; N/A      ; N/A     ; -14.715             ;
+-------------------------------------------------------------+--------+--------+----------+---------+---------------------+


+-----------------------------------------------------------------------+
; Clock to Output Times                                                 ;
+-----------+------------+-------+-------+------------+-----------------+
; Data Port ; Clock Port ; Rise  ; Fall  ; Clock Edge ; Clock Reference ;
+-----------+------------+-------+-------+------------+-----------------+
; PC_0A     ; runDebugIN ; 8.062 ; 8.001 ; Rise       ; runDebugIN      ;
; PC_0B     ; runDebugIN ; 8.037 ; 8.019 ; Rise       ; runDebugIN      ;
; PC_0C     ; runDebugIN ; 8.311 ; 8.244 ; Rise       ; runDebugIN      ;
; PC_0D     ; runDebugIN ; 8.057 ; 8.024 ; Rise       ; runDebugIN      ;
; PC_0E     ; runDebugIN ; 8.095 ; 7.960 ; Rise       ; runDebugIN      ;
; PC_0F     ; runDebugIN ; 8.042 ; 8.112 ; Rise       ; runDebugIN      ;
; PC_0G     ; runDebugIN ; 8.496 ; 8.339 ; Rise       ; runDebugIN      ;
; PC_1A     ; runDebugIN ; 8.463 ; 8.366 ; Rise       ; runDebugIN      ;
; PC_1B     ; runDebugIN ; 8.402 ; 8.347 ; Rise       ; runDebugIN      ;
; PC_1C     ; runDebugIN ; 8.404 ; 8.297 ; Rise       ; runDebugIN      ;
; PC_1D     ; runDebugIN ; 8.458 ; 8.332 ; Rise       ; runDebugIN      ;
; PC_1E     ; runDebugIN ; 8.236 ; 8.113 ; Rise       ; runDebugIN      ;
; PC_1F     ; runDebugIN ; 8.176 ; 8.200 ; Rise       ; runDebugIN      ;
; PC_1G     ; runDebugIN ; 8.392 ; 8.246 ; Rise       ; runDebugIN      ;
; t0Output  ; runDebugIN ; 8.241 ; 8.268 ; Rise       ; runDebugIN      ;
; t1Output  ; runDebugIN ; 8.067 ; 7.954 ; Rise       ; runDebugIN      ;
; t2Output  ; runDebugIN ; 7.865 ; 7.757 ; Rise       ; runDebugIN      ;
; t3Output  ; runDebugIN ; 7.807 ; 7.839 ; Rise       ; runDebugIN      ;
+-----------+------------+-------+-------+------------+-----------------+


+-----------------------------------------------------------------------+
; Minimum Clock to Output Times                                         ;
+-----------+------------+-------+-------+------------+-----------------+
; Data Port ; Clock Port ; Rise  ; Fall  ; Clock Edge ; Clock Reference ;
+-----------+------------+-------+-------+------------+-----------------+
; PC_0A     ; runDebugIN ; 4.315 ; 4.324 ; Rise       ; runDebugIN      ;
; PC_0B     ; runDebugIN ; 4.332 ; 4.404 ; Rise       ; runDebugIN      ;
; PC_0C     ; runDebugIN ; 4.447 ; 4.480 ; Rise       ; runDebugIN      ;
; PC_0D     ; runDebugIN ; 4.304 ; 4.315 ; Rise       ; runDebugIN      ;
; PC_0E     ; runDebugIN ; 4.338 ; 4.348 ; Rise       ; runDebugIN      ;
; PC_0F     ; runDebugIN ; 4.363 ; 4.352 ; Rise       ; runDebugIN      ;
; PC_0G     ; runDebugIN ; 4.529 ; 4.560 ; Rise       ; runDebugIN      ;
; PC_1A     ; runDebugIN ; 4.355 ; 4.370 ; Rise       ; runDebugIN      ;
; PC_1B     ; runDebugIN ; 4.318 ; 4.384 ; Rise       ; runDebugIN      ;
; PC_1C     ; runDebugIN ; 4.339 ; 4.360 ; Rise       ; runDebugIN      ;
; PC_1D     ; runDebugIN ; 4.338 ; 4.361 ; Rise       ; runDebugIN      ;
; PC_1E     ; runDebugIN ; 4.223 ; 4.234 ; Rise       ; runDebugIN      ;
; PC_1F     ; runDebugIN ; 4.239 ; 4.228 ; Rise       ; runDebugIN      ;
; PC_1G     ; runDebugIN ; 4.292 ; 4.305 ; Rise       ; runDebugIN      ;
; t0Output  ; runDebugIN ; 4.648 ; 4.560 ; Rise       ; runDebugIN      ;
; t1Output  ; runDebugIN ; 4.458 ; 4.507 ; Rise       ; runDebugIN      ;
; t2Output  ; runDebugIN ; 4.338 ; 4.395 ; Rise       ; runDebugIN      ;
; t3Output  ; runDebugIN ; 4.290 ; 4.358 ; Rise       ; runDebugIN      ;
+-----------+------------+-------+-------+------------+-----------------+


+------------------------------------------------------------------------------------------------------------------------------------------------------------------------------------------------------------------------------------------------------------------------------------------------------------------------------------------------------------------------------------------------------------------+
; Board Trace Model Assignments                                                                                                                                                                                                                                                                                                                                                                                    ;
+---------------+--------------+-------------------+-------------------------+-------------------------+---------------+---------------------+----------------+------------------+--------+------------------+------------------------+------------------------+--------------+---------------+-----------------+-------+---------------------+--------------------+---------------+-----------------+-------------+
; Pin           ; I/O Standard ; Near Tline Length ; Near Tline L per Length ; Near Tline C per Length ; Near Series R ; Near Differential R ; Near Pull-up R ; Near Pull-down R ; Near C ; Far Tline Length ; Far Tline L per Length ; Far Tline C per Length ; Far Series R ; Far Pull-up R ; Far Pull-down R ; Far C ; Termination Voltage ; Far Differential R ; EBD File Name ; EBD Signal Name ; EBD Far-end ;
+---------------+--------------+-------------------+-------------------------+-------------------------+---------------+---------------------+----------------+------------------+--------+------------------+------------------------+------------------------+--------------+---------------+-----------------+-------+---------------------+--------------------+---------------+-----------------+-------------+
; AC_0A         ; 2.5 V        ; 0 in              ; 0 H/in                  ; 0 F/in                  ; short         ; -                   ; open           ; open             ; open   ; 0 in             ; 0 H/in                 ; 0 F/in                 ; short        ; open          ; open            ; open  ; 0 V                 ; -                  ; n/a           ; n/a             ; n/a         ;
; AC_0B         ; 2.5 V        ; 0 in              ; 0 H/in                  ; 0 F/in                  ; short         ; -                   ; open           ; open             ; open   ; 0 in             ; 0 H/in                 ; 0 F/in                 ; short        ; open          ; open            ; open  ; 0 V                 ; -                  ; n/a           ; n/a             ; n/a         ;
; AC_0C         ; 2.5 V        ; 0 in              ; 0 H/in                  ; 0 F/in                  ; short         ; -                   ; open           ; open             ; open   ; 0 in             ; 0 H/in                 ; 0 F/in                 ; short        ; open          ; open            ; open  ; 0 V                 ; -                  ; n/a           ; n/a             ; n/a         ;
; AC_0D         ; 2.5 V        ; 0 in              ; 0 H/in                  ; 0 F/in                  ; short         ; -                   ; open           ; open             ; open   ; 0 in             ; 0 H/in                 ; 0 F/in                 ; short        ; open          ; open            ; open  ; 0 V                 ; -                  ; n/a           ; n/a             ; n/a         ;
; AC_0E         ; 2.5 V        ; 0 in              ; 0 H/in                  ; 0 F/in                  ; short         ; -                   ; open           ; open             ; open   ; 0 in             ; 0 H/in                 ; 0 F/in                 ; short        ; open          ; open            ; open  ; 0 V                 ; -                  ; n/a           ; n/a             ; n/a         ;
; AC_0F         ; 2.5 V        ; 0 in              ; 0 H/in                  ; 0 F/in                  ; short         ; -                   ; open           ; open             ; open   ; 0 in             ; 0 H/in                 ; 0 F/in                 ; short        ; open          ; open            ; open  ; 0 V                 ; -                  ; n/a           ; n/a             ; n/a         ;
; AC_0G         ; 2.5 V        ; 0 in              ; 0 H/in                  ; 0 F/in                  ; short         ; -                   ; open           ; open             ; open   ; 0 in             ; 0 H/in                 ; 0 F/in                 ; short        ; open          ; open            ; open  ; 0 V                 ; -                  ; n/a           ; n/a             ; n/a         ;
; AC_1A         ; 2.5 V        ; 0 in              ; 0 H/in                  ; 0 F/in                  ; short         ; -                   ; open           ; open             ; open   ; 0 in             ; 0 H/in                 ; 0 F/in                 ; short        ; open          ; open            ; open  ; 0 V                 ; -                  ; n/a           ; n/a             ; n/a         ;
; AC_1B         ; 2.5 V        ; 0 in              ; 0 H/in                  ; 0 F/in                  ; short         ; -                   ; open           ; open             ; open   ; 0 in             ; 0 H/in                 ; 0 F/in                 ; short        ; open          ; open            ; open  ; 0 V                 ; -                  ; n/a           ; n/a             ; n/a         ;
; AC_1C         ; 2.5 V        ; 0 in              ; 0 H/in                  ; 0 F/in                  ; short         ; -                   ; open           ; open             ; open   ; 0 in             ; 0 H/in                 ; 0 F/in                 ; short        ; open          ; open            ; open  ; 0 V                 ; -                  ; n/a           ; n/a             ; n/a         ;
; AC_1D         ; 2.5 V        ; 0 in              ; 0 H/in                  ; 0 F/in                  ; short         ; -                   ; open           ; open             ; open   ; 0 in             ; 0 H/in                 ; 0 F/in                 ; short        ; open          ; open            ; open  ; 0 V                 ; -                  ; n/a           ; n/a             ; n/a         ;
; AC_1E         ; 2.5 V        ; 0 in              ; 0 H/in                  ; 0 F/in                  ; short         ; -                   ; open           ; open             ; open   ; 0 in             ; 0 H/in                 ; 0 F/in                 ; short        ; open          ; open            ; open  ; 0 V                 ; -                  ; n/a           ; n/a             ; n/a         ;
; AC_1F         ; 2.5 V        ; 0 in              ; 0 H/in                  ; 0 F/in                  ; short         ; -                   ; open           ; open             ; open   ; 0 in             ; 0 H/in                 ; 0 F/in                 ; short        ; open          ; open            ; open  ; 0 V                 ; -                  ; n/a           ; n/a             ; n/a         ;
; AC_1G         ; 2.5 V        ; 0 in              ; 0 H/in                  ; 0 F/in                  ; short         ; -                   ; open           ; open             ; open   ; 0 in             ; 0 H/in                 ; 0 F/in                 ; short        ; open          ; open            ; open  ; 0 V                 ; -                  ; n/a           ; n/a             ; n/a         ;
; PC_0A         ; 2.5 V        ; 0 in              ; 0 H/in                  ; 0 F/in                  ; short         ; -                   ; open           ; open             ; open   ; 0 in             ; 0 H/in                 ; 0 F/in                 ; short        ; open          ; open            ; open  ; 0 V                 ; -                  ; n/a           ; n/a             ; n/a         ;
; PC_0B         ; 2.5 V        ; 0 in              ; 0 H/in                  ; 0 F/in                  ; short         ; -                   ; open           ; open             ; open   ; 0 in             ; 0 H/in                 ; 0 F/in                 ; short        ; open          ; open            ; open  ; 0 V                 ; -                  ; n/a           ; n/a             ; n/a         ;
; PC_0C         ; 2.5 V        ; 0 in              ; 0 H/in                  ; 0 F/in                  ; short         ; -                   ; open           ; open             ; open   ; 0 in             ; 0 H/in                 ; 0 F/in                 ; short        ; open          ; open            ; open  ; 0 V                 ; -                  ; n/a           ; n/a             ; n/a         ;
; PC_0D         ; 2.5 V        ; 0 in              ; 0 H/in                  ; 0 F/in                  ; short         ; -                   ; open           ; open             ; open   ; 0 in             ; 0 H/in                 ; 0 F/in                 ; short        ; open          ; open            ; open  ; 0 V                 ; -                  ; n/a           ; n/a             ; n/a         ;
; PC_0E         ; 2.5 V        ; 0 in              ; 0 H/in                  ; 0 F/in                  ; short         ; -                   ; open           ; open             ; open   ; 0 in             ; 0 H/in                 ; 0 F/in                 ; short        ; open          ; open            ; open  ; 0 V                 ; -                  ; n/a           ; n/a             ; n/a         ;
; PC_0F         ; 2.5 V        ; 0 in              ; 0 H/in                  ; 0 F/in                  ; short         ; -                   ; open           ; open             ; open   ; 0 in             ; 0 H/in                 ; 0 F/in                 ; short        ; open          ; open            ; open  ; 0 V                 ; -                  ; n/a           ; n/a             ; n/a         ;
; PC_0G         ; 2.5 V        ; 0 in              ; 0 H/in                  ; 0 F/in                  ; short         ; -                   ; open           ; open             ; open   ; 0 in             ; 0 H/in                 ; 0 F/in                 ; short        ; open          ; open            ; open  ; 0 V                 ; -                  ; n/a           ; n/a             ; n/a         ;
; PC_1A         ; 2.5 V        ; 0 in              ; 0 H/in                  ; 0 F/in                  ; short         ; -                   ; open           ; open             ; open   ; 0 in             ; 0 H/in                 ; 0 F/in                 ; short        ; open          ; open            ; open  ; 0 V                 ; -                  ; n/a           ; n/a             ; n/a         ;
; PC_1B         ; 2.5 V        ; 0 in              ; 0 H/in                  ; 0 F/in                  ; short         ; -                   ; open           ; open             ; open   ; 0 in             ; 0 H/in                 ; 0 F/in                 ; short        ; open          ; open            ; open  ; 0 V                 ; -                  ; n/a           ; n/a             ; n/a         ;
; PC_1C         ; 2.5 V        ; 0 in              ; 0 H/in                  ; 0 F/in                  ; short         ; -                   ; open           ; open             ; open   ; 0 in             ; 0 H/in                 ; 0 F/in                 ; short        ; open          ; open            ; open  ; 0 V                 ; -                  ; n/a           ; n/a             ; n/a         ;
; PC_1D         ; 2.5 V        ; 0 in              ; 0 H/in                  ; 0 F/in                  ; short         ; -                   ; open           ; open             ; open   ; 0 in             ; 0 H/in                 ; 0 F/in                 ; short        ; open          ; open            ; open  ; 0 V                 ; -                  ; n/a           ; n/a             ; n/a         ;
; PC_1E         ; 2.5 V        ; 0 in              ; 0 H/in                  ; 0 F/in                  ; short         ; -                   ; open           ; open             ; open   ; 0 in             ; 0 H/in                 ; 0 F/in                 ; short        ; open          ; open            ; open  ; 0 V                 ; -                  ; n/a           ; n/a             ; n/a         ;
; PC_1F         ; 2.5 V        ; 0 in              ; 0 H/in                  ; 0 F/in                  ; short         ; -                   ; open           ; open             ; open   ; 0 in             ; 0 H/in                 ; 0 F/in                 ; short        ; open          ; open            ; open  ; 0 V                 ; -                  ; n/a           ; n/a             ; n/a         ;
; PC_1G         ; 2.5 V        ; 0 in              ; 0 H/in                  ; 0 F/in                  ; short         ; -                   ; open           ; open             ; open   ; 0 in             ; 0 H/in                 ; 0 F/in                 ; short        ; open          ; open            ; open  ; 0 V                 ; -                  ; n/a           ; n/a             ; n/a         ;
; flagN_output  ; 2.5 V        ; 0 in              ; 0 H/in                  ; 0 F/in                  ; short         ; -                   ; open           ; open             ; open   ; 0 in             ; 0 H/in                 ; 0 F/in                 ; short        ; open          ; open            ; open  ; 0 V                 ; -                  ; n/a           ; n/a             ; n/a         ;
; flagZ_output  ; 2.5 V        ; 0 in              ; 0 H/in                  ; 0 F/in                  ; short         ; -                   ; open           ; open             ; open   ; 0 in             ; 0 H/in                 ; 0 F/in                 ; short        ; open          ; open            ; open  ; 0 V                 ; -                  ; n/a           ; n/a             ; n/a         ;
; HLT_output    ; 2.5 V        ; 0 in              ; 0 H/in                  ; 0 F/in                  ; short         ; -                   ; open           ; open             ; open   ; 0 in             ; 0 H/in                 ; 0 F/in                 ; short        ; open          ; open            ; open  ; 0 V                 ; -                  ; n/a           ; n/a             ; n/a         ;
; t0Output      ; 2.5 V        ; 0 in              ; 0 H/in                  ; 0 F/in                  ; short         ; -                   ; open           ; open             ; open   ; 0 in             ; 0 H/in                 ; 0 F/in                 ; short        ; open          ; open            ; open  ; 0 V                 ; -                  ; n/a           ; n/a             ; n/a         ;
; t1Output      ; 2.5 V        ; 0 in              ; 0 H/in                  ; 0 F/in                  ; short         ; -                   ; open           ; open             ; open   ; 0 in             ; 0 H/in                 ; 0 F/in                 ; short        ; open          ; open            ; open  ; 0 V                 ; -                  ; n/a           ; n/a             ; n/a         ;
; t2Output      ; 2.5 V        ; 0 in              ; 0 H/in                  ; 0 F/in                  ; short         ; -                   ; open           ; open             ; open   ; 0 in             ; 0 H/in                 ; 0 F/in                 ; short        ; open          ; open            ; open  ; 0 V                 ; -                  ; n/a           ; n/a             ; n/a         ;
; t3Output      ; 2.5 V        ; 0 in              ; 0 H/in                  ; 0 F/in                  ; short         ; -                   ; open           ; open             ; open   ; 0 in             ; 0 H/in                 ; 0 F/in                 ; short        ; open          ; open            ; open  ; 0 V                 ; -                  ; n/a           ; n/a             ; n/a         ;
; ~ALTERA_DCLK~ ; 2.5 V        ; 0 in              ; 0 H/in                  ; 0 F/in                  ; short         ; -                   ; open           ; open             ; open   ; 0 in             ; 0 H/in                 ; 0 F/in                 ; short        ; open          ; open            ; open  ; 0 V                 ; -                  ; n/a           ; n/a             ; n/a         ;
; ~ALTERA_nCEO~ ; 2.5 V        ; 0 in              ; 0 H/in                  ; 0 F/in                  ; short         ; -                   ; open           ; open             ; open   ; 0 in             ; 0 H/in                 ; 0 F/in                 ; short        ; open          ; open            ; open  ; 0 V                 ; -                  ; n/a           ; n/a             ; n/a         ;
+---------------+--------------+-------------------+-------------------------+-------------------------+---------------+---------------------+----------------+------------------+--------+------------------+------------------------+------------------------+--------------+---------------+-----------------+-------+---------------------+--------------------+---------------+-----------------+-------------+


+----------------------------------------------------------------------------+
; Input Transition Times                                                     ;
+-------------------------+--------------+-----------------+-----------------+
; Pin                     ; I/O Standard ; 10-90 Rise Time ; 90-10 Fall Time ;
+-------------------------+--------------+-----------------+-----------------+
; resetIN                 ; 2.5 V        ; 2000 ps         ; 2000 ps         ;
; runDebugIN              ; 2.5 V        ; 2000 ps         ; 2000 ps         ;
; selRunStepMode          ; 2.5 V        ; 2000 ps         ; 2000 ps         ;
; clkIN                   ; 2.5 V        ; 2000 ps         ; 2000 ps         ;
; ~ALTERA_ASDO_DATA1~     ; 2.5 V        ; 2000 ps         ; 2000 ps         ;
; ~ALTERA_FLASH_nCE_nCSO~ ; 2.5 V        ; 2000 ps         ; 2000 ps         ;
; ~ALTERA_DATA0~          ; 2.5 V        ; 2000 ps         ; 2000 ps         ;
+-------------------------+--------------+-----------------+-----------------+


+--------------------------------------------------------------------------------------------------------------------------------------------------------------------------------------------------------------------------------------------------------------------------------------------------------------------------------------------------------------------------------------------------------------------------------------------------------------------------------------------------------------------------------------------------------------------------------------------------------------------------------------------------------------------------------------------+
; Slow Corner Signal Integrity Metrics                                                                                                                                                                                                                                                                                                                                                                                                                                                                                                                                                                                                                                                       ;
+---------------+--------------+---------------------+---------------------+------------------------------+------------------------------+---------------------+---------------------+--------------------------------------+--------------------------------------+-----------------------------+-----------------------------+----------------------------+----------------------------+-----------------------------+-----------------------------+--------------------+--------------------+-------------------------------------+-------------------------------------+----------------------------+----------------------------+---------------------------+---------------------------+
; Pin           ; I/O Standard ; Board Delay on Rise ; Board Delay on Fall ; Steady State Voh at FPGA Pin ; Steady State Vol at FPGA Pin ; Voh Max at FPGA Pin ; Vol Min at FPGA Pin ; Ringback Voltage on Rise at FPGA Pin ; Ringback Voltage on Fall at FPGA Pin ; 10-90 Rise Time at FPGA Pin ; 90-10 Fall Time at FPGA Pin ; Monotonic Rise at FPGA Pin ; Monotonic Fall at FPGA Pin ; Steady State Voh at Far-end ; Steady State Vol at Far-end ; Voh Max at Far-end ; Vol Min at Far-end ; Ringback Voltage on Rise at Far-end ; Ringback Voltage on Fall at Far-end ; 10-90 Rise Time at Far-end ; 90-10 Fall Time at Far-end ; Monotonic Rise at Far-end ; Monotonic Fall at Far-end ;
+---------------+--------------+---------------------+---------------------+------------------------------+------------------------------+---------------------+---------------------+--------------------------------------+--------------------------------------+-----------------------------+-----------------------------+----------------------------+----------------------------+-----------------------------+-----------------------------+--------------------+--------------------+-------------------------------------+-------------------------------------+----------------------------+----------------------------+---------------------------+---------------------------+
; AC_0A         ; 2.5 V        ; 0 s                 ; 0 s                 ; 2.32 V                       ; 1.08e-06 V                   ; 2.36 V              ; -0.0113 V           ; 0.122 V                              ; 0.022 V                              ; 4.5e-10 s                   ; 4.45e-10 s                  ; Yes                        ; Yes                        ; 2.32 V                      ; 1.08e-06 V                  ; 2.36 V             ; -0.0113 V          ; 0.122 V                             ; 0.022 V                             ; 4.5e-10 s                  ; 4.45e-10 s                 ; Yes                       ; Yes                       ;
; AC_0B         ; 2.5 V        ; 0 s                 ; 0 s                 ; 2.32 V                       ; 1.08e-06 V                   ; 2.36 V              ; -0.0113 V           ; 0.122 V                              ; 0.022 V                              ; 4.5e-10 s                   ; 4.45e-10 s                  ; Yes                        ; Yes                        ; 2.32 V                      ; 1.08e-06 V                  ; 2.36 V             ; -0.0113 V          ; 0.122 V                             ; 0.022 V                             ; 4.5e-10 s                  ; 4.45e-10 s                 ; Yes                       ; Yes                       ;
; AC_0C         ; 2.5 V        ; 0 s                 ; 0 s                 ; 2.32 V                       ; 1.08e-06 V                   ; 2.36 V              ; -0.0113 V           ; 0.122 V                              ; 0.022 V                              ; 4.5e-10 s                   ; 4.45e-10 s                  ; Yes                        ; Yes                        ; 2.32 V                      ; 1.08e-06 V                  ; 2.36 V             ; -0.0113 V          ; 0.122 V                             ; 0.022 V                             ; 4.5e-10 s                  ; 4.45e-10 s                 ; Yes                       ; Yes                       ;
; AC_0D         ; 2.5 V        ; 0 s                 ; 0 s                 ; 2.32 V                       ; 1.08e-06 V                   ; 2.36 V              ; -0.0113 V           ; 0.122 V                              ; 0.022 V                              ; 4.5e-10 s                   ; 4.45e-10 s                  ; Yes                        ; Yes                        ; 2.32 V                      ; 1.08e-06 V                  ; 2.36 V             ; -0.0113 V          ; 0.122 V                             ; 0.022 V                             ; 4.5e-10 s                  ; 4.45e-10 s                 ; Yes                       ; Yes                       ;
; AC_0E         ; 2.5 V        ; 0 s                 ; 0 s                 ; 2.32 V                       ; 1.08e-06 V                   ; 2.36 V              ; -0.0113 V           ; 0.122 V                              ; 0.022 V                              ; 4.5e-10 s                   ; 4.45e-10 s                  ; Yes                        ; Yes                        ; 2.32 V                      ; 1.08e-06 V                  ; 2.36 V             ; -0.0113 V          ; 0.122 V                             ; 0.022 V                             ; 4.5e-10 s                  ; 4.45e-10 s                 ; Yes                       ; Yes                       ;
; AC_0F         ; 2.5 V        ; 0 s                 ; 0 s                 ; 2.32 V                       ; 1.08e-06 V                   ; 2.36 V              ; -0.0113 V           ; 0.122 V                              ; 0.022 V                              ; 4.5e-10 s                   ; 4.45e-10 s                  ; Yes                        ; Yes                        ; 2.32 V                      ; 1.08e-06 V                  ; 2.36 V             ; -0.0113 V          ; 0.122 V                             ; 0.022 V                             ; 4.5e-10 s                  ; 4.45e-10 s                 ; Yes                       ; Yes                       ;
; AC_0G         ; 2.5 V        ; 0 s                 ; 0 s                 ; 2.32 V                       ; 1.08e-06 V                   ; 2.36 V              ; -0.0113 V           ; 0.122 V                              ; 0.022 V                              ; 4.5e-10 s                   ; 4.45e-10 s                  ; Yes                        ; Yes                        ; 2.32 V                      ; 1.08e-06 V                  ; 2.36 V             ; -0.0113 V          ; 0.122 V                             ; 0.022 V                             ; 4.5e-10 s                  ; 4.45e-10 s                 ; Yes                       ; Yes                       ;
; AC_1A         ; 2.5 V        ; 0 s                 ; 0 s                 ; 2.32 V                       ; 1.08e-06 V                   ; 2.36 V              ; -0.0113 V           ; 0.122 V                              ; 0.022 V                              ; 4.5e-10 s                   ; 4.45e-10 s                  ; Yes                        ; Yes                        ; 2.32 V                      ; 1.08e-06 V                  ; 2.36 V             ; -0.0113 V          ; 0.122 V                             ; 0.022 V                             ; 4.5e-10 s                  ; 4.45e-10 s                 ; Yes                       ; Yes                       ;
; AC_1B         ; 2.5 V        ; 0 s                 ; 0 s                 ; 2.32 V                       ; 1.08e-06 V                   ; 2.36 V              ; -0.0113 V           ; 0.122 V                              ; 0.022 V                              ; 4.5e-10 s                   ; 4.45e-10 s                  ; Yes                        ; Yes                        ; 2.32 V                      ; 1.08e-06 V                  ; 2.36 V             ; -0.0113 V          ; 0.122 V                             ; 0.022 V                             ; 4.5e-10 s                  ; 4.45e-10 s                 ; Yes                       ; Yes                       ;
; AC_1C         ; 2.5 V        ; 0 s                 ; 0 s                 ; 2.32 V                       ; 1.08e-06 V                   ; 2.36 V              ; -0.0113 V           ; 0.122 V                              ; 0.022 V                              ; 4.5e-10 s                   ; 4.45e-10 s                  ; Yes                        ; Yes                        ; 2.32 V                      ; 1.08e-06 V                  ; 2.36 V             ; -0.0113 V          ; 0.122 V                             ; 0.022 V                             ; 4.5e-10 s                  ; 4.45e-10 s                 ; Yes                       ; Yes                       ;
; AC_1D         ; 2.5 V        ; 0 s                 ; 0 s                 ; 2.32 V                       ; 1.08e-06 V                   ; 2.36 V              ; -0.0113 V           ; 0.122 V                              ; 0.022 V                              ; 4.5e-10 s                   ; 4.45e-10 s                  ; Yes                        ; Yes                        ; 2.32 V                      ; 1.08e-06 V                  ; 2.36 V             ; -0.0113 V          ; 0.122 V                             ; 0.022 V                             ; 4.5e-10 s                  ; 4.45e-10 s                 ; Yes                       ; Yes                       ;
; AC_1E         ; 2.5 V        ; 0 s                 ; 0 s                 ; 2.32 V                       ; 1.08e-06 V                   ; 2.36 V              ; -0.0113 V           ; 0.122 V                              ; 0.022 V                              ; 4.5e-10 s                   ; 4.45e-10 s                  ; Yes                        ; Yes                        ; 2.32 V                      ; 1.08e-06 V                  ; 2.36 V             ; -0.0113 V          ; 0.122 V                             ; 0.022 V                             ; 4.5e-10 s                  ; 4.45e-10 s                 ; Yes                       ; Yes                       ;
; AC_1F         ; 2.5 V        ; 0 s                 ; 0 s                 ; 2.32 V                       ; 1.08e-06 V                   ; 2.36 V              ; -0.0113 V           ; 0.122 V                              ; 0.022 V                              ; 4.5e-10 s                   ; 4.45e-10 s                  ; Yes                        ; Yes                        ; 2.32 V                      ; 1.08e-06 V                  ; 2.36 V             ; -0.0113 V          ; 0.122 V                             ; 0.022 V                             ; 4.5e-10 s                  ; 4.45e-10 s                 ; Yes                       ; Yes                       ;
; AC_1G         ; 2.5 V        ; 0 s                 ; 0 s                 ; 2.32 V                       ; 1.08e-06 V                   ; 2.36 V              ; -0.0113 V           ; 0.122 V                              ; 0.022 V                              ; 4.5e-10 s                   ; 4.45e-10 s                  ; Yes                        ; Yes                        ; 2.32 V                      ; 1.08e-06 V                  ; 2.36 V             ; -0.0113 V          ; 0.122 V                             ; 0.022 V                             ; 4.5e-10 s                  ; 4.45e-10 s                 ; Yes                       ; Yes                       ;
; PC_0A         ; 2.5 V        ; 0 s                 ; 0 s                 ; 2.32 V                       ; 1.08e-06 V                   ; 2.36 V              ; -0.0113 V           ; 0.122 V                              ; 0.022 V                              ; 4.5e-10 s                   ; 4.45e-10 s                  ; Yes                        ; Yes                        ; 2.32 V                      ; 1.08e-06 V                  ; 2.36 V             ; -0.0113 V          ; 0.122 V                             ; 0.022 V                             ; 4.5e-10 s                  ; 4.45e-10 s                 ; Yes                       ; Yes                       ;
; PC_0B         ; 2.5 V        ; 0 s                 ; 0 s                 ; 2.32 V                       ; 1.08e-06 V                   ; 2.36 V              ; -0.0113 V           ; 0.122 V                              ; 0.022 V                              ; 4.5e-10 s                   ; 4.45e-10 s                  ; Yes                        ; Yes                        ; 2.32 V                      ; 1.08e-06 V                  ; 2.36 V             ; -0.0113 V          ; 0.122 V                             ; 0.022 V                             ; 4.5e-10 s                  ; 4.45e-10 s                 ; Yes                       ; Yes                       ;
; PC_0C         ; 2.5 V        ; 0 s                 ; 0 s                 ; 2.32 V                       ; 1.08e-06 V                   ; 2.36 V              ; -0.0113 V           ; 0.122 V                              ; 0.022 V                              ; 4.5e-10 s                   ; 4.45e-10 s                  ; Yes                        ; Yes                        ; 2.32 V                      ; 1.08e-06 V                  ; 2.36 V             ; -0.0113 V          ; 0.122 V                             ; 0.022 V                             ; 4.5e-10 s                  ; 4.45e-10 s                 ; Yes                       ; Yes                       ;
; PC_0D         ; 2.5 V        ; 0 s                 ; 0 s                 ; 2.32 V                       ; 1.08e-06 V                   ; 2.36 V              ; -0.0113 V           ; 0.122 V                              ; 0.022 V                              ; 4.5e-10 s                   ; 4.45e-10 s                  ; Yes                        ; Yes                        ; 2.32 V                      ; 1.08e-06 V                  ; 2.36 V             ; -0.0113 V          ; 0.122 V                             ; 0.022 V                             ; 4.5e-10 s                  ; 4.45e-10 s                 ; Yes                       ; Yes                       ;
; PC_0E         ; 2.5 V        ; 0 s                 ; 0 s                 ; 2.32 V                       ; 1.08e-06 V                   ; 2.36 V              ; -0.0113 V           ; 0.122 V                              ; 0.022 V                              ; 4.5e-10 s                   ; 4.45e-10 s                  ; Yes                        ; Yes                        ; 2.32 V                      ; 1.08e-06 V                  ; 2.36 V             ; -0.0113 V          ; 0.122 V                             ; 0.022 V                             ; 4.5e-10 s                  ; 4.45e-10 s                 ; Yes                       ; Yes                       ;
; PC_0F         ; 2.5 V        ; 0 s                 ; 0 s                 ; 2.32 V                       ; 1.08e-06 V                   ; 2.36 V              ; -0.0113 V           ; 0.122 V                              ; 0.022 V                              ; 4.5e-10 s                   ; 4.45e-10 s                  ; Yes                        ; Yes                        ; 2.32 V                      ; 1.08e-06 V                  ; 2.36 V             ; -0.0113 V          ; 0.122 V                             ; 0.022 V                             ; 4.5e-10 s                  ; 4.45e-10 s                 ; Yes                       ; Yes                       ;
; PC_0G         ; 2.5 V        ; 0 s                 ; 0 s                 ; 2.32 V                       ; 1.08e-06 V                   ; 2.36 V              ; -0.0113 V           ; 0.122 V                              ; 0.022 V                              ; 4.5e-10 s                   ; 4.45e-10 s                  ; Yes                        ; Yes                        ; 2.32 V                      ; 1.08e-06 V                  ; 2.36 V             ; -0.0113 V          ; 0.122 V                             ; 0.022 V                             ; 4.5e-10 s                  ; 4.45e-10 s                 ; Yes                       ; Yes                       ;
; PC_1A         ; 2.5 V        ; 0 s                 ; 0 s                 ; 2.32 V                       ; 1.08e-06 V                   ; 2.36 V              ; -0.0113 V           ; 0.122 V                              ; 0.022 V                              ; 4.5e-10 s                   ; 4.45e-10 s                  ; Yes                        ; Yes                        ; 2.32 V                      ; 1.08e-06 V                  ; 2.36 V             ; -0.0113 V          ; 0.122 V                             ; 0.022 V                             ; 4.5e-10 s                  ; 4.45e-10 s                 ; Yes                       ; Yes                       ;
; PC_1B         ; 2.5 V        ; 0 s                 ; 0 s                 ; 2.32 V                       ; 1.08e-06 V                   ; 2.36 V              ; -0.0113 V           ; 0.122 V                              ; 0.022 V                              ; 4.5e-10 s                   ; 4.45e-10 s                  ; Yes                        ; Yes                        ; 2.32 V                      ; 1.08e-06 V                  ; 2.36 V             ; -0.0113 V          ; 0.122 V                             ; 0.022 V                             ; 4.5e-10 s                  ; 4.45e-10 s                 ; Yes                       ; Yes                       ;
; PC_1C         ; 2.5 V        ; 0 s                 ; 0 s                 ; 2.32 V                       ; 1.08e-06 V                   ; 2.36 V              ; -0.0113 V           ; 0.122 V                              ; 0.022 V                              ; 4.5e-10 s                   ; 4.45e-10 s                  ; Yes                        ; Yes                        ; 2.32 V                      ; 1.08e-06 V                  ; 2.36 V             ; -0.0113 V          ; 0.122 V                             ; 0.022 V                             ; 4.5e-10 s                  ; 4.45e-10 s                 ; Yes                       ; Yes                       ;
; PC_1D         ; 2.5 V        ; 0 s                 ; 0 s                 ; 2.32 V                       ; 1.08e-06 V                   ; 2.36 V              ; -0.0113 V           ; 0.122 V                              ; 0.022 V                              ; 4.5e-10 s                   ; 4.45e-10 s                  ; Yes                        ; Yes                        ; 2.32 V                      ; 1.08e-06 V                  ; 2.36 V             ; -0.0113 V          ; 0.122 V                             ; 0.022 V                             ; 4.5e-10 s                  ; 4.45e-10 s                 ; Yes                       ; Yes                       ;
; PC_1E         ; 2.5 V        ; 0 s                 ; 0 s                 ; 2.32 V                       ; 1.08e-06 V                   ; 2.36 V              ; -0.0113 V           ; 0.122 V                              ; 0.022 V                              ; 4.5e-10 s                   ; 4.45e-10 s                  ; Yes                        ; Yes                        ; 2.32 V                      ; 1.08e-06 V                  ; 2.36 V             ; -0.0113 V          ; 0.122 V                             ; 0.022 V                             ; 4.5e-10 s                  ; 4.45e-10 s                 ; Yes                       ; Yes                       ;
; PC_1F         ; 2.5 V        ; 0 s                 ; 0 s                 ; 2.32 V                       ; 1.08e-06 V                   ; 2.36 V              ; -0.0113 V           ; 0.122 V                              ; 0.022 V                              ; 4.5e-10 s                   ; 4.45e-10 s                  ; Yes                        ; Yes                        ; 2.32 V                      ; 1.08e-06 V                  ; 2.36 V             ; -0.0113 V          ; 0.122 V                             ; 0.022 V                             ; 4.5e-10 s                  ; 4.45e-10 s                 ; Yes                       ; Yes                       ;
; PC_1G         ; 2.5 V        ; 0 s                 ; 0 s                 ; 2.32 V                       ; 1.08e-06 V                   ; 2.36 V              ; -0.0113 V           ; 0.122 V                              ; 0.022 V                              ; 4.5e-10 s                   ; 4.45e-10 s                  ; Yes                        ; Yes                        ; 2.32 V                      ; 1.08e-06 V                  ; 2.36 V             ; -0.0113 V          ; 0.122 V                             ; 0.022 V                             ; 4.5e-10 s                  ; 4.45e-10 s                 ; Yes                       ; Yes                       ;
; flagN_output  ; 2.5 V        ; 0 s                 ; 0 s                 ; 2.32 V                       ; 7.25e-07 V                   ; 2.35 V              ; -0.0111 V           ; 0.113 V                              ; 0.035 V                              ; 7.76e-10 s                  ; 8.04e-10 s                  ; Yes                        ; Yes                        ; 2.32 V                      ; 7.25e-07 V                  ; 2.35 V             ; -0.0111 V          ; 0.113 V                             ; 0.035 V                             ; 7.76e-10 s                 ; 8.04e-10 s                 ; Yes                       ; Yes                       ;
; flagZ_output  ; 2.5 V        ; 0 s                 ; 0 s                 ; 2.32 V                       ; 7.25e-07 V                   ; 2.35 V              ; -0.0111 V           ; 0.113 V                              ; 0.035 V                              ; 7.76e-10 s                  ; 8.04e-10 s                  ; Yes                        ; Yes                        ; 2.32 V                      ; 7.25e-07 V                  ; 2.35 V             ; -0.0111 V          ; 0.113 V                             ; 0.035 V                             ; 7.76e-10 s                 ; 8.04e-10 s                 ; Yes                       ; Yes                       ;
; HLT_output    ; 2.5 V        ; 0 s                 ; 0 s                 ; 2.32 V                       ; 7.25e-07 V                   ; 2.35 V              ; -0.0111 V           ; 0.113 V                              ; 0.035 V                              ; 7.76e-10 s                  ; 8.04e-10 s                  ; Yes                        ; Yes                        ; 2.32 V                      ; 7.25e-07 V                  ; 2.35 V             ; -0.0111 V          ; 0.113 V                             ; 0.035 V                             ; 7.76e-10 s                 ; 8.04e-10 s                 ; Yes                       ; Yes                       ;
; t0Output      ; 2.5 V        ; 0 s                 ; 0 s                 ; 2.32 V                       ; 1.08e-06 V                   ; 2.36 V              ; -0.0113 V           ; 0.122 V                              ; 0.022 V                              ; 4.5e-10 s                   ; 4.45e-10 s                  ; Yes                        ; Yes                        ; 2.32 V                      ; 1.08e-06 V                  ; 2.36 V             ; -0.0113 V          ; 0.122 V                             ; 0.022 V                             ; 4.5e-10 s                  ; 4.45e-10 s                 ; Yes                       ; Yes                       ;
; t1Output      ; 2.5 V        ; 0 s                 ; 0 s                 ; 2.32 V                       ; 1.08e-06 V                   ; 2.36 V              ; -0.0113 V           ; 0.122 V                              ; 0.022 V                              ; 4.5e-10 s                   ; 4.45e-10 s                  ; Yes                        ; Yes                        ; 2.32 V                      ; 1.08e-06 V                  ; 2.36 V             ; -0.0113 V          ; 0.122 V                             ; 0.022 V                             ; 4.5e-10 s                  ; 4.45e-10 s                 ; Yes                       ; Yes                       ;
; t2Output      ; 2.5 V        ; 0 s                 ; 0 s                 ; 2.32 V                       ; 1.08e-06 V                   ; 2.36 V              ; -0.0113 V           ; 0.122 V                              ; 0.022 V                              ; 4.5e-10 s                   ; 4.45e-10 s                  ; Yes                        ; Yes                        ; 2.32 V                      ; 1.08e-06 V                  ; 2.36 V             ; -0.0113 V          ; 0.122 V                             ; 0.022 V                             ; 4.5e-10 s                  ; 4.45e-10 s                 ; Yes                       ; Yes                       ;
; t3Output      ; 2.5 V        ; 0 s                 ; 0 s                 ; 2.32 V                       ; 1.08e-06 V                   ; 2.36 V              ; -0.0113 V           ; 0.122 V                              ; 0.022 V                              ; 4.5e-10 s                   ; 4.45e-10 s                  ; Yes                        ; Yes                        ; 2.32 V                      ; 1.08e-06 V                  ; 2.36 V             ; -0.0113 V          ; 0.122 V                             ; 0.022 V                             ; 4.5e-10 s                  ; 4.45e-10 s                 ; Yes                       ; Yes                       ;
; ~ALTERA_DCLK~ ; 2.5 V        ; 0 s                 ; 0 s                 ; 2.32 V                       ; 5.68e-07 V                   ; 2.35 V              ; -0.0132 V           ; 0.2 V                                ; 0.027 V                              ; 5.26e-10 s                  ; 4.81e-10 s                  ; Yes                        ; Yes                        ; 2.32 V                      ; 5.68e-07 V                  ; 2.35 V             ; -0.0132 V          ; 0.2 V                               ; 0.027 V                             ; 5.26e-10 s                 ; 4.81e-10 s                 ; Yes                       ; Yes                       ;
; ~ALTERA_nCEO~ ; 2.5 V        ; 0 s                 ; 0 s                 ; 2.32 V                       ; 9.36e-07 V                   ; 2.35 V              ; -0.00444 V          ; 0.18 V                               ; 0.019 V                              ; 7.23e-10 s                  ; 9.82e-10 s                  ; Yes                        ; Yes                        ; 2.32 V                      ; 9.36e-07 V                  ; 2.35 V             ; -0.00444 V         ; 0.18 V                              ; 0.019 V                             ; 7.23e-10 s                 ; 9.82e-10 s                 ; Yes                       ; Yes                       ;
+---------------+--------------+---------------------+---------------------+------------------------------+------------------------------+---------------------+---------------------+--------------------------------------+--------------------------------------+-----------------------------+-----------------------------+----------------------------+----------------------------+-----------------------------+-----------------------------+--------------------+--------------------+-------------------------------------+-------------------------------------+----------------------------+----------------------------+---------------------------+---------------------------+


+--------------------------------------------------------------------------------------------------------------------------------------------------------------------------------------------------------------------------------------------------------------------------------------------------------------------------------------------------------------------------------------------------------------------------------------------------------------------------------------------------------------------------------------------------------------------------------------------------------------------------------------------------------------------------------------------+
; Fast Corner Signal Integrity Metrics                                                                                                                                                                                                                                                                                                                                                                                                                                                                                                                                                                                                                                                       ;
+---------------+--------------+---------------------+---------------------+------------------------------+------------------------------+---------------------+---------------------+--------------------------------------+--------------------------------------+-----------------------------+-----------------------------+----------------------------+----------------------------+-----------------------------+-----------------------------+--------------------+--------------------+-------------------------------------+-------------------------------------+----------------------------+----------------------------+---------------------------+---------------------------+
; Pin           ; I/O Standard ; Board Delay on Rise ; Board Delay on Fall ; Steady State Voh at FPGA Pin ; Steady State Vol at FPGA Pin ; Voh Max at FPGA Pin ; Vol Min at FPGA Pin ; Ringback Voltage on Rise at FPGA Pin ; Ringback Voltage on Fall at FPGA Pin ; 10-90 Rise Time at FPGA Pin ; 90-10 Fall Time at FPGA Pin ; Monotonic Rise at FPGA Pin ; Monotonic Fall at FPGA Pin ; Steady State Voh at Far-end ; Steady State Vol at Far-end ; Voh Max at Far-end ; Vol Min at Far-end ; Ringback Voltage on Rise at Far-end ; Ringback Voltage on Fall at Far-end ; 10-90 Rise Time at Far-end ; 90-10 Fall Time at Far-end ; Monotonic Rise at Far-end ; Monotonic Fall at Far-end ;
+---------------+--------------+---------------------+---------------------+------------------------------+------------------------------+---------------------+---------------------+--------------------------------------+--------------------------------------+-----------------------------+-----------------------------+----------------------------+----------------------------+-----------------------------+-----------------------------+--------------------+--------------------+-------------------------------------+-------------------------------------+----------------------------+----------------------------+---------------------------+---------------------------+
; AC_0A         ; 2.5 V        ; 0 s                 ; 0 s                 ; 2.62 V                       ; 4.11e-08 V                   ; 2.73 V              ; -0.0566 V           ; 0.191 V                              ; 0.12 V                               ; 2.69e-10 s                  ; 2.76e-10 s                  ; Yes                        ; Yes                        ; 2.62 V                      ; 4.11e-08 V                  ; 2.73 V             ; -0.0566 V          ; 0.191 V                             ; 0.12 V                              ; 2.69e-10 s                 ; 2.76e-10 s                 ; Yes                       ; Yes                       ;
; AC_0B         ; 2.5 V        ; 0 s                 ; 0 s                 ; 2.62 V                       ; 4.11e-08 V                   ; 2.73 V              ; -0.0566 V           ; 0.191 V                              ; 0.12 V                               ; 2.69e-10 s                  ; 2.76e-10 s                  ; Yes                        ; Yes                        ; 2.62 V                      ; 4.11e-08 V                  ; 2.73 V             ; -0.0566 V          ; 0.191 V                             ; 0.12 V                              ; 2.69e-10 s                 ; 2.76e-10 s                 ; Yes                       ; Yes                       ;
; AC_0C         ; 2.5 V        ; 0 s                 ; 0 s                 ; 2.62 V                       ; 4.11e-08 V                   ; 2.73 V              ; -0.0566 V           ; 0.191 V                              ; 0.12 V                               ; 2.69e-10 s                  ; 2.76e-10 s                  ; Yes                        ; Yes                        ; 2.62 V                      ; 4.11e-08 V                  ; 2.73 V             ; -0.0566 V          ; 0.191 V                             ; 0.12 V                              ; 2.69e-10 s                 ; 2.76e-10 s                 ; Yes                       ; Yes                       ;
; AC_0D         ; 2.5 V        ; 0 s                 ; 0 s                 ; 2.62 V                       ; 4.11e-08 V                   ; 2.73 V              ; -0.0566 V           ; 0.191 V                              ; 0.12 V                               ; 2.69e-10 s                  ; 2.76e-10 s                  ; Yes                        ; Yes                        ; 2.62 V                      ; 4.11e-08 V                  ; 2.73 V             ; -0.0566 V          ; 0.191 V                             ; 0.12 V                              ; 2.69e-10 s                 ; 2.76e-10 s                 ; Yes                       ; Yes                       ;
; AC_0E         ; 2.5 V        ; 0 s                 ; 0 s                 ; 2.62 V                       ; 4.11e-08 V                   ; 2.73 V              ; -0.0566 V           ; 0.191 V                              ; 0.12 V                               ; 2.69e-10 s                  ; 2.76e-10 s                  ; Yes                        ; Yes                        ; 2.62 V                      ; 4.11e-08 V                  ; 2.73 V             ; -0.0566 V          ; 0.191 V                             ; 0.12 V                              ; 2.69e-10 s                 ; 2.76e-10 s                 ; Yes                       ; Yes                       ;
; AC_0F         ; 2.5 V        ; 0 s                 ; 0 s                 ; 2.62 V                       ; 4.11e-08 V                   ; 2.73 V              ; -0.0566 V           ; 0.191 V                              ; 0.12 V                               ; 2.69e-10 s                  ; 2.76e-10 s                  ; Yes                        ; Yes                        ; 2.62 V                      ; 4.11e-08 V                  ; 2.73 V             ; -0.0566 V          ; 0.191 V                             ; 0.12 V                              ; 2.69e-10 s                 ; 2.76e-10 s                 ; Yes                       ; Yes                       ;
; AC_0G         ; 2.5 V        ; 0 s                 ; 0 s                 ; 2.62 V                       ; 4.11e-08 V                   ; 2.73 V              ; -0.0566 V           ; 0.191 V                              ; 0.12 V                               ; 2.69e-10 s                  ; 2.76e-10 s                  ; Yes                        ; Yes                        ; 2.62 V                      ; 4.11e-08 V                  ; 2.73 V             ; -0.0566 V          ; 0.191 V                             ; 0.12 V                              ; 2.69e-10 s                 ; 2.76e-10 s                 ; Yes                       ; Yes                       ;
; AC_1A         ; 2.5 V        ; 0 s                 ; 0 s                 ; 2.62 V                       ; 4.11e-08 V                   ; 2.73 V              ; -0.0566 V           ; 0.191 V                              ; 0.12 V                               ; 2.69e-10 s                  ; 2.76e-10 s                  ; Yes                        ; Yes                        ; 2.62 V                      ; 4.11e-08 V                  ; 2.73 V             ; -0.0566 V          ; 0.191 V                             ; 0.12 V                              ; 2.69e-10 s                 ; 2.76e-10 s                 ; Yes                       ; Yes                       ;
; AC_1B         ; 2.5 V        ; 0 s                 ; 0 s                 ; 2.62 V                       ; 4.11e-08 V                   ; 2.73 V              ; -0.0566 V           ; 0.191 V                              ; 0.12 V                               ; 2.69e-10 s                  ; 2.76e-10 s                  ; Yes                        ; Yes                        ; 2.62 V                      ; 4.11e-08 V                  ; 2.73 V             ; -0.0566 V          ; 0.191 V                             ; 0.12 V                              ; 2.69e-10 s                 ; 2.76e-10 s                 ; Yes                       ; Yes                       ;
; AC_1C         ; 2.5 V        ; 0 s                 ; 0 s                 ; 2.62 V                       ; 4.11e-08 V                   ; 2.73 V              ; -0.0566 V           ; 0.191 V                              ; 0.12 V                               ; 2.69e-10 s                  ; 2.76e-10 s                  ; Yes                        ; Yes                        ; 2.62 V                      ; 4.11e-08 V                  ; 2.73 V             ; -0.0566 V          ; 0.191 V                             ; 0.12 V                              ; 2.69e-10 s                 ; 2.76e-10 s                 ; Yes                       ; Yes                       ;
; AC_1D         ; 2.5 V        ; 0 s                 ; 0 s                 ; 2.62 V                       ; 4.11e-08 V                   ; 2.73 V              ; -0.0566 V           ; 0.191 V                              ; 0.12 V                               ; 2.69e-10 s                  ; 2.76e-10 s                  ; Yes                        ; Yes                        ; 2.62 V                      ; 4.11e-08 V                  ; 2.73 V             ; -0.0566 V          ; 0.191 V                             ; 0.12 V                              ; 2.69e-10 s                 ; 2.76e-10 s                 ; Yes                       ; Yes                       ;
; AC_1E         ; 2.5 V        ; 0 s                 ; 0 s                 ; 2.62 V                       ; 4.11e-08 V                   ; 2.73 V              ; -0.0566 V           ; 0.191 V                              ; 0.12 V                               ; 2.69e-10 s                  ; 2.76e-10 s                  ; Yes                        ; Yes                        ; 2.62 V                      ; 4.11e-08 V                  ; 2.73 V             ; -0.0566 V          ; 0.191 V                             ; 0.12 V                              ; 2.69e-10 s                 ; 2.76e-10 s                 ; Yes                       ; Yes                       ;
; AC_1F         ; 2.5 V        ; 0 s                 ; 0 s                 ; 2.62 V                       ; 4.11e-08 V                   ; 2.73 V              ; -0.0566 V           ; 0.191 V                              ; 0.12 V                               ; 2.69e-10 s                  ; 2.76e-10 s                  ; Yes                        ; Yes                        ; 2.62 V                      ; 4.11e-08 V                  ; 2.73 V             ; -0.0566 V          ; 0.191 V                             ; 0.12 V                              ; 2.69e-10 s                 ; 2.76e-10 s                 ; Yes                       ; Yes                       ;
; AC_1G         ; 2.5 V        ; 0 s                 ; 0 s                 ; 2.62 V                       ; 4.11e-08 V                   ; 2.73 V              ; -0.0566 V           ; 0.191 V                              ; 0.12 V                               ; 2.69e-10 s                  ; 2.76e-10 s                  ; Yes                        ; Yes                        ; 2.62 V                      ; 4.11e-08 V                  ; 2.73 V             ; -0.0566 V          ; 0.191 V                             ; 0.12 V                              ; 2.69e-10 s                 ; 2.76e-10 s                 ; Yes                       ; Yes                       ;
; PC_0A         ; 2.5 V        ; 0 s                 ; 0 s                 ; 2.62 V                       ; 4.11e-08 V                   ; 2.73 V              ; -0.0566 V           ; 0.191 V                              ; 0.12 V                               ; 2.69e-10 s                  ; 2.76e-10 s                  ; Yes                        ; Yes                        ; 2.62 V                      ; 4.11e-08 V                  ; 2.73 V             ; -0.0566 V          ; 0.191 V                             ; 0.12 V                              ; 2.69e-10 s                 ; 2.76e-10 s                 ; Yes                       ; Yes                       ;
; PC_0B         ; 2.5 V        ; 0 s                 ; 0 s                 ; 2.62 V                       ; 4.11e-08 V                   ; 2.73 V              ; -0.0566 V           ; 0.191 V                              ; 0.12 V                               ; 2.69e-10 s                  ; 2.76e-10 s                  ; Yes                        ; Yes                        ; 2.62 V                      ; 4.11e-08 V                  ; 2.73 V             ; -0.0566 V          ; 0.191 V                             ; 0.12 V                              ; 2.69e-10 s                 ; 2.76e-10 s                 ; Yes                       ; Yes                       ;
; PC_0C         ; 2.5 V        ; 0 s                 ; 0 s                 ; 2.62 V                       ; 4.11e-08 V                   ; 2.73 V              ; -0.0566 V           ; 0.191 V                              ; 0.12 V                               ; 2.69e-10 s                  ; 2.76e-10 s                  ; Yes                        ; Yes                        ; 2.62 V                      ; 4.11e-08 V                  ; 2.73 V             ; -0.0566 V          ; 0.191 V                             ; 0.12 V                              ; 2.69e-10 s                 ; 2.76e-10 s                 ; Yes                       ; Yes                       ;
; PC_0D         ; 2.5 V        ; 0 s                 ; 0 s                 ; 2.62 V                       ; 4.11e-08 V                   ; 2.73 V              ; -0.0566 V           ; 0.191 V                              ; 0.12 V                               ; 2.69e-10 s                  ; 2.76e-10 s                  ; Yes                        ; Yes                        ; 2.62 V                      ; 4.11e-08 V                  ; 2.73 V             ; -0.0566 V          ; 0.191 V                             ; 0.12 V                              ; 2.69e-10 s                 ; 2.76e-10 s                 ; Yes                       ; Yes                       ;
; PC_0E         ; 2.5 V        ; 0 s                 ; 0 s                 ; 2.62 V                       ; 4.11e-08 V                   ; 2.73 V              ; -0.0566 V           ; 0.191 V                              ; 0.12 V                               ; 2.69e-10 s                  ; 2.76e-10 s                  ; Yes                        ; Yes                        ; 2.62 V                      ; 4.11e-08 V                  ; 2.73 V             ; -0.0566 V          ; 0.191 V                             ; 0.12 V                              ; 2.69e-10 s                 ; 2.76e-10 s                 ; Yes                       ; Yes                       ;
; PC_0F         ; 2.5 V        ; 0 s                 ; 0 s                 ; 2.62 V                       ; 4.11e-08 V                   ; 2.73 V              ; -0.0566 V           ; 0.191 V                              ; 0.12 V                               ; 2.69e-10 s                  ; 2.76e-10 s                  ; Yes                        ; Yes                        ; 2.62 V                      ; 4.11e-08 V                  ; 2.73 V             ; -0.0566 V          ; 0.191 V                             ; 0.12 V                              ; 2.69e-10 s                 ; 2.76e-10 s                 ; Yes                       ; Yes                       ;
; PC_0G         ; 2.5 V        ; 0 s                 ; 0 s                 ; 2.62 V                       ; 4.11e-08 V                   ; 2.73 V              ; -0.0566 V           ; 0.191 V                              ; 0.12 V                               ; 2.69e-10 s                  ; 2.76e-10 s                  ; Yes                        ; Yes                        ; 2.62 V                      ; 4.11e-08 V                  ; 2.73 V             ; -0.0566 V          ; 0.191 V                             ; 0.12 V                              ; 2.69e-10 s                 ; 2.76e-10 s                 ; Yes                       ; Yes                       ;
; PC_1A         ; 2.5 V        ; 0 s                 ; 0 s                 ; 2.62 V                       ; 4.11e-08 V                   ; 2.73 V              ; -0.0566 V           ; 0.191 V                              ; 0.12 V                               ; 2.69e-10 s                  ; 2.76e-10 s                  ; Yes                        ; Yes                        ; 2.62 V                      ; 4.11e-08 V                  ; 2.73 V             ; -0.0566 V          ; 0.191 V                             ; 0.12 V                              ; 2.69e-10 s                 ; 2.76e-10 s                 ; Yes                       ; Yes                       ;
; PC_1B         ; 2.5 V        ; 0 s                 ; 0 s                 ; 2.62 V                       ; 4.11e-08 V                   ; 2.73 V              ; -0.0566 V           ; 0.191 V                              ; 0.12 V                               ; 2.69e-10 s                  ; 2.76e-10 s                  ; Yes                        ; Yes                        ; 2.62 V                      ; 4.11e-08 V                  ; 2.73 V             ; -0.0566 V          ; 0.191 V                             ; 0.12 V                              ; 2.69e-10 s                 ; 2.76e-10 s                 ; Yes                       ; Yes                       ;
; PC_1C         ; 2.5 V        ; 0 s                 ; 0 s                 ; 2.62 V                       ; 4.11e-08 V                   ; 2.73 V              ; -0.0566 V           ; 0.191 V                              ; 0.12 V                               ; 2.69e-10 s                  ; 2.76e-10 s                  ; Yes                        ; Yes                        ; 2.62 V                      ; 4.11e-08 V                  ; 2.73 V             ; -0.0566 V          ; 0.191 V                             ; 0.12 V                              ; 2.69e-10 s                 ; 2.76e-10 s                 ; Yes                       ; Yes                       ;
; PC_1D         ; 2.5 V        ; 0 s                 ; 0 s                 ; 2.62 V                       ; 4.11e-08 V                   ; 2.73 V              ; -0.0566 V           ; 0.191 V                              ; 0.12 V                               ; 2.69e-10 s                  ; 2.76e-10 s                  ; Yes                        ; Yes                        ; 2.62 V                      ; 4.11e-08 V                  ; 2.73 V             ; -0.0566 V          ; 0.191 V                             ; 0.12 V                              ; 2.69e-10 s                 ; 2.76e-10 s                 ; Yes                       ; Yes                       ;
; PC_1E         ; 2.5 V        ; 0 s                 ; 0 s                 ; 2.62 V                       ; 4.11e-08 V                   ; 2.73 V              ; -0.0566 V           ; 0.191 V                              ; 0.12 V                               ; 2.69e-10 s                  ; 2.76e-10 s                  ; Yes                        ; Yes                        ; 2.62 V                      ; 4.11e-08 V                  ; 2.73 V             ; -0.0566 V          ; 0.191 V                             ; 0.12 V                              ; 2.69e-10 s                 ; 2.76e-10 s                 ; Yes                       ; Yes                       ;
; PC_1F         ; 2.5 V        ; 0 s                 ; 0 s                 ; 2.62 V                       ; 4.11e-08 V                   ; 2.73 V              ; -0.0566 V           ; 0.191 V                              ; 0.12 V                               ; 2.69e-10 s                  ; 2.76e-10 s                  ; Yes                        ; Yes                        ; 2.62 V                      ; 4.11e-08 V                  ; 2.73 V             ; -0.0566 V          ; 0.191 V                             ; 0.12 V                              ; 2.69e-10 s                 ; 2.76e-10 s                 ; Yes                       ; Yes                       ;
; PC_1G         ; 2.5 V        ; 0 s                 ; 0 s                 ; 2.62 V                       ; 4.11e-08 V                   ; 2.73 V              ; -0.0566 V           ; 0.191 V                              ; 0.12 V                               ; 2.69e-10 s                  ; 2.76e-10 s                  ; Yes                        ; Yes                        ; 2.62 V                      ; 4.11e-08 V                  ; 2.73 V             ; -0.0566 V          ; 0.191 V                             ; 0.12 V                              ; 2.69e-10 s                 ; 2.76e-10 s                 ; Yes                       ; Yes                       ;
; flagN_output  ; 2.5 V        ; 0 s                 ; 0 s                 ; 2.62 V                       ; 2.78e-08 V                   ; 2.71 V              ; -0.0349 V           ; 0.253 V                              ; 0.069 V                              ; 4.96e-10 s                  ; 5.19e-10 s                  ; No                         ; Yes                        ; 2.62 V                      ; 2.78e-08 V                  ; 2.71 V             ; -0.0349 V          ; 0.253 V                             ; 0.069 V                             ; 4.96e-10 s                 ; 5.19e-10 s                 ; No                        ; Yes                       ;
; flagZ_output  ; 2.5 V        ; 0 s                 ; 0 s                 ; 2.62 V                       ; 2.78e-08 V                   ; 2.71 V              ; -0.0349 V           ; 0.253 V                              ; 0.069 V                              ; 4.96e-10 s                  ; 5.19e-10 s                  ; No                         ; Yes                        ; 2.62 V                      ; 2.78e-08 V                  ; 2.71 V             ; -0.0349 V          ; 0.253 V                             ; 0.069 V                             ; 4.96e-10 s                 ; 5.19e-10 s                 ; No                        ; Yes                       ;
; HLT_output    ; 2.5 V        ; 0 s                 ; 0 s                 ; 2.62 V                       ; 2.78e-08 V                   ; 2.71 V              ; -0.0349 V           ; 0.253 V                              ; 0.069 V                              ; 4.96e-10 s                  ; 5.19e-10 s                  ; No                         ; Yes                        ; 2.62 V                      ; 2.78e-08 V                  ; 2.71 V             ; -0.0349 V          ; 0.253 V                             ; 0.069 V                             ; 4.96e-10 s                 ; 5.19e-10 s                 ; No                        ; Yes                       ;
; t0Output      ; 2.5 V        ; 0 s                 ; 0 s                 ; 2.62 V                       ; 4.11e-08 V                   ; 2.73 V              ; -0.0566 V           ; 0.191 V                              ; 0.12 V                               ; 2.69e-10 s                  ; 2.76e-10 s                  ; Yes                        ; Yes                        ; 2.62 V                      ; 4.11e-08 V                  ; 2.73 V             ; -0.0566 V          ; 0.191 V                             ; 0.12 V                              ; 2.69e-10 s                 ; 2.76e-10 s                 ; Yes                       ; Yes                       ;
; t1Output      ; 2.5 V        ; 0 s                 ; 0 s                 ; 2.62 V                       ; 4.11e-08 V                   ; 2.73 V              ; -0.0566 V           ; 0.191 V                              ; 0.12 V                               ; 2.69e-10 s                  ; 2.76e-10 s                  ; Yes                        ; Yes                        ; 2.62 V                      ; 4.11e-08 V                  ; 2.73 V             ; -0.0566 V          ; 0.191 V                             ; 0.12 V                              ; 2.69e-10 s                 ; 2.76e-10 s                 ; Yes                       ; Yes                       ;
; t2Output      ; 2.5 V        ; 0 s                 ; 0 s                 ; 2.62 V                       ; 4.11e-08 V                   ; 2.73 V              ; -0.0566 V           ; 0.191 V                              ; 0.12 V                               ; 2.69e-10 s                  ; 2.76e-10 s                  ; Yes                        ; Yes                        ; 2.62 V                      ; 4.11e-08 V                  ; 2.73 V             ; -0.0566 V          ; 0.191 V                             ; 0.12 V                              ; 2.69e-10 s                 ; 2.76e-10 s                 ; Yes                       ; Yes                       ;
; t3Output      ; 2.5 V        ; 0 s                 ; 0 s                 ; 2.62 V                       ; 4.11e-08 V                   ; 2.73 V              ; -0.0566 V           ; 0.191 V                              ; 0.12 V                               ; 2.69e-10 s                  ; 2.76e-10 s                  ; Yes                        ; Yes                        ; 2.62 V                      ; 4.11e-08 V                  ; 2.73 V             ; -0.0566 V          ; 0.191 V                             ; 0.12 V                              ; 2.69e-10 s                 ; 2.76e-10 s                 ; Yes                       ; Yes                       ;
; ~ALTERA_DCLK~ ; 2.5 V        ; 0 s                 ; 0 s                 ; 2.62 V                       ; 2.22e-08 V                   ; 2.72 V              ; -0.0747 V           ; 0.28 V                               ; 0.169 V                              ; 3.1e-10 s                   ; 3.01e-10 s                  ; No                         ; Yes                        ; 2.62 V                      ; 2.22e-08 V                  ; 2.72 V             ; -0.0747 V          ; 0.28 V                              ; 0.169 V                             ; 3.1e-10 s                  ; 3.01e-10 s                 ; No                        ; Yes                       ;
; ~ALTERA_nCEO~ ; 2.5 V        ; 0 s                 ; 0 s                 ; 2.62 V                       ; 3.53e-08 V                   ; 2.7 V               ; -0.0212 V           ; 0.204 V                              ; 0.049 V                              ; 4.85e-10 s                  ; 6.73e-10 s                  ; No                         ; Yes                        ; 2.62 V                      ; 3.53e-08 V                  ; 2.7 V              ; -0.0212 V          ; 0.204 V                             ; 0.049 V                             ; 4.85e-10 s                 ; 6.73e-10 s                 ; No                        ; Yes                       ;
+---------------+--------------+---------------------+---------------------+------------------------------+------------------------------+---------------------+---------------------+--------------------------------------+--------------------------------------+-----------------------------+-----------------------------+----------------------------+----------------------------+-----------------------------+-----------------------------+--------------------+--------------------+-------------------------------------+-------------------------------------+----------------------------+----------------------------+---------------------------+---------------------------+


+---------------------------------------------------------------------------------------------------------------------------------------------------------------------+
; Setup Transfers                                                                                                                                                     ;
+------------------------------------------------------------+------------------------------------------------------------+----------+----------+----------+----------+
; From Clock                                                 ; To Clock                                                   ; RR Paths ; FR Paths ; RF Paths ; FF Paths ;
+------------------------------------------------------------+------------------------------------------------------------+----------+----------+----------+----------+
; divisor_de_frequencia:instDiv|flip_flop_d:ff0|q            ; clkIN                                                      ; 1        ; 1        ; 0        ; 0        ;
; divisor_de_frequencia:instDiv|flip_flop_d:gen_for[0].ffN|q ; divisor_de_frequencia:instDiv|flip_flop_d:ff0|q            ; 1        ; 1        ; 0        ; 0        ;
; divisor_de_frequencia:instDiv|flip_flop_d:gen_for[1].ffN|q ; divisor_de_frequencia:instDiv|flip_flop_d:gen_for[0].ffN|q ; 1        ; 1        ; 0        ; 0        ;
; divisor_de_frequencia:instDiv|flip_flop_d:gen_for[1].ffN|q ; divisor_de_frequencia:instDiv|flip_flop_d:gen_for[1].ffN|q ; 1        ; 0        ; 0        ; 0        ;
; runDebugIN                                                 ; runDebugIN                                                 ; 55       ; 0        ; 0        ; 0        ;
+------------------------------------------------------------+------------------------------------------------------------+----------+----------+----------+----------+
Entries labeled "false path" only account for clock-to-clock false paths and not path-based false paths. As a result, actual path counts may be lower than reported.


+---------------------------------------------------------------------------------------------------------------------------------------------------------------------+
; Hold Transfers                                                                                                                                                      ;
+------------------------------------------------------------+------------------------------------------------------------+----------+----------+----------+----------+
; From Clock                                                 ; To Clock                                                   ; RR Paths ; FR Paths ; RF Paths ; FF Paths ;
+------------------------------------------------------------+------------------------------------------------------------+----------+----------+----------+----------+
; divisor_de_frequencia:instDiv|flip_flop_d:ff0|q            ; clkIN                                                      ; 1        ; 1        ; 0        ; 0        ;
; divisor_de_frequencia:instDiv|flip_flop_d:gen_for[0].ffN|q ; divisor_de_frequencia:instDiv|flip_flop_d:ff0|q            ; 1        ; 1        ; 0        ; 0        ;
; divisor_de_frequencia:instDiv|flip_flop_d:gen_for[1].ffN|q ; divisor_de_frequencia:instDiv|flip_flop_d:gen_for[0].ffN|q ; 1        ; 1        ; 0        ; 0        ;
; divisor_de_frequencia:instDiv|flip_flop_d:gen_for[1].ffN|q ; divisor_de_frequencia:instDiv|flip_flop_d:gen_for[1].ffN|q ; 1        ; 0        ; 0        ; 0        ;
; runDebugIN                                                 ; runDebugIN                                                 ; 55       ; 0        ; 0        ; 0        ;
+------------------------------------------------------------+------------------------------------------------------------+----------+----------+----------+----------+
Entries labeled "false path" only account for clock-to-clock false paths and not path-based false paths. As a result, actual path counts may be lower than reported.


---------------
; Report TCCS ;
---------------
No dedicated SERDES Transmitter circuitry present in device or used in design


---------------
; Report RSKM ;
---------------
No non-DPA dedicated SERDES Receiver circuitry present in device or used in design


+------------------------------------------------+
; Unconstrained Paths                            ;
+---------------------------------+-------+------+
; Property                        ; Setup ; Hold ;
+---------------------------------+-------+------+
; Illegal Clocks                  ; 0     ; 0    ;
; Unconstrained Clocks            ; 0     ; 0    ;
; Unconstrained Input Ports       ; 1     ; 1    ;
; Unconstrained Input Port Paths  ; 12    ; 12   ;
; Unconstrained Output Ports      ; 18    ; 18   ;
; Unconstrained Output Port Paths ; 64    ; 64   ;
+---------------------------------+-------+------+


+------------------------------------+
; TimeQuest Timing Analyzer Messages ;
+------------------------------------+
Info: *******************************************************************
Info: Running Quartus II 64-Bit TimeQuest Timing Analyzer
    Info: Version 13.1.0 Build 162 10/23/2013 SJ Web Edition
    Info: Processing started: Mon Jun 22 15:20:57 2026
Info: Command: quartus_sta arqNeander -c arqNeander
Info: qsta_default_script.tcl version: #1
Warning (20028): Parallel compilation is not licensed and has been disabled
Info (21077): Low junction temperature is 0 degrees C
Info (21077): High junction temperature is 85 degrees C
Critical Warning (332012): Synopsys Design Constraints File file not found: 'arqNeander.sdc'. A Synopsys Design Constraints File is required by the TimeQuest Timing Analyzer to get proper timing constraints. Without it, the Compiler will not properly optimize the design.
Info (332142): No user constrained base clocks found in the design. Calling "derive_clocks -period 1.0"
Info (332105): Deriving Clocks
    Info (332105): create_clock -period 1.000 -name runDebugIN runDebugIN
    Info (332105): create_clock -period 1.000 -name divisor_de_frequencia:instDiv|flip_flop_d:gen_for[1].ffN|q divisor_de_frequencia:instDiv|flip_flop_d:gen_for[1].ffN|q
    Info (332105): create_clock -period 1.000 -name divisor_de_frequencia:instDiv|flip_flop_d:gen_for[0].ffN|q divisor_de_frequencia:instDiv|flip_flop_d:gen_for[0].ffN|q
    Info (332105): create_clock -period 1.000 -name divisor_de_frequencia:instDiv|flip_flop_d:ff0|q divisor_de_frequencia:instDiv|flip_flop_d:ff0|q
    Info (332105): create_clock -period 1.000 -name clkIN clkIN
Info (332143): No user constrained clock uncertainty found in the design. Calling "derive_clock_uncertainty"
Info (332123): Deriving Clock Uncertainty. Please refer to report_sdc in TimeQuest to see clock uncertainties.
Info: Found TIMEQUEST_REPORT_SCRIPT_INCLUDE_DEFAULT_ANALYSIS = ON
Info: Analyzing Slow 1200mV 85C Model
Critical Warning (332148): Timing requirements not met
    Info (11105): For recommendations on closing timing, run Report Timing Closure Recommendations in the TimeQuest Timing Analyzer.
Info (332146): Worst-case setup slack is -0.674
    Info (332119):     Slack       End Point TNS Clock 
    Info (332119): ========= =================== =====================
    Info (332119):    -0.674              -3.010 runDebugIN 
    Info (332119):     0.049               0.000 divisor_de_frequencia:instDiv|flip_flop_d:gen_for[0].ffN|q 
    Info (332119):     0.204               0.000 divisor_de_frequencia:instDiv|flip_flop_d:ff0|q 
    Info (332119):     0.213               0.000 clkIN 
    Info (332119):     0.318               0.000 divisor_de_frequencia:instDiv|flip_flop_d:gen_for[1].ffN|q 
Info (332146): Worst-case hold slack is -0.268
    Info (332119):     Slack       End Point TNS Clock 
    Info (332119): ========= =================== =====================
    Info (332119):    -0.268              -0.268 clkIN 
    Info (332119):     0.011               0.000 divisor_de_frequencia:instDiv|flip_flop_d:gen_for[0].ffN|q 
    Info (332119):     0.024               0.000 divisor_de_frequencia:instDiv|flip_flop_d:ff0|q 
    Info (332119):     0.344               0.000 runDebugIN 
    Info (332119):     0.385               0.000 divisor_de_frequencia:instDiv|flip_flop_d:gen_for[1].ffN|q 
Info (332140): No Recovery paths to report
Info (332140): No Removal paths to report
Info (332146): Worst-case minimum pulse width slack is -3.000
    Info (332119):     Slack       End Point TNS Clock 
    Info (332119): ========= =================== =====================
    Info (332119):    -3.000             -13.000 runDebugIN 
    Info (332119):    -3.000              -4.000 clkIN 
    Info (332119):    -1.000              -1.000 divisor_de_frequencia:instDiv|flip_flop_d:ff0|q 
    Info (332119):    -1.000              -1.000 divisor_de_frequencia:instDiv|flip_flop_d:gen_for[0].ffN|q 
    Info (332119):    -1.000              -1.000 divisor_de_frequencia:instDiv|flip_flop_d:gen_for[1].ffN|q 
Info: Analyzing Slow 1200mV 0C Model
Info (334003): Started post-fitting delay annotation
Info (334004): Delay annotation completed successfully
Info (332123): Deriving Clock Uncertainty. Please refer to report_sdc in TimeQuest to see clock uncertainties.
Critical Warning (332148): Timing requirements not met
    Info (11105): For recommendations on closing timing, run Report Timing Closure Recommendations in the TimeQuest Timing Analyzer.
Info (332146): Worst-case setup slack is -0.495
    Info (332119):     Slack       End Point TNS Clock 
    Info (332119): ========= =================== =====================
    Info (332119):    -0.495              -1.866 runDebugIN 
    Info (332119):     0.118               0.000 divisor_de_frequencia:instDiv|flip_flop_d:gen_for[0].ffN|q 
    Info (332119):     0.236               0.000 divisor_de_frequencia:instDiv|flip_flop_d:ff0|q 
    Info (332119):     0.294               0.000 clkIN 
    Info (332119):     0.398               0.000 divisor_de_frequencia:instDiv|flip_flop_d:gen_for[1].ffN|q 
Info (332146): Worst-case hold slack is -0.304
    Info (332119):     Slack       End Point TNS Clock 
    Info (332119): ========= =================== =====================
    Info (332119):    -0.304              -0.304 clkIN 
    Info (332119):    -0.015              -0.015 divisor_de_frequencia:instDiv|flip_flop_d:gen_for[0].ffN|q 
    Info (332119):     0.012               0.000 divisor_de_frequencia:instDiv|flip_flop_d:ff0|q 
    Info (332119):     0.300               0.000 runDebugIN 
    Info (332119):     0.341               0.000 divisor_de_frequencia:instDiv|flip_flop_d:gen_for[1].ffN|q 
Info (332140): No Recovery paths to report
Info (332140): No Removal paths to report
Info (332146): Worst-case minimum pulse width slack is -3.000
    Info (332119):     Slack       End Point TNS Clock 
    Info (332119): ========= =================== =====================
    Info (332119):    -3.000             -13.000 runDebugIN 
    Info (332119):    -3.000              -4.000 clkIN 
    Info (332119):    -1.000              -1.000 divisor_de_frequencia:instDiv|flip_flop_d:ff0|q 
    Info (332119):    -1.000              -1.000 divisor_de_frequencia:instDiv|flip_flop_d:gen_for[0].ffN|q 
    Info (332119):    -1.000              -1.000 divisor_de_frequencia:instDiv|flip_flop_d:gen_for[1].ffN|q 
Info: Analyzing Fast 1200mV 0C Model
Info (332123): Deriving Clock Uncertainty. Please refer to report_sdc in TimeQuest to see clock uncertainties.
Info (332146): Worst-case setup slack is 0.066
    Info (332119):     Slack       End Point TNS Clock 
    Info (332119): ========= =================== =====================
    Info (332119):     0.066               0.000 runDebugIN 
    Info (332119):     0.249               0.000 divisor_de_frequencia:instDiv|flip_flop_d:gen_for[0].ffN|q 
    Info (332119):     0.359               0.000 divisor_de_frequencia:instDiv|flip_flop_d:ff0|q 
    Info (332119):     0.387               0.000 clkIN 
    Info (332119):     0.626               0.000 divisor_de_frequencia:instDiv|flip_flop_d:gen_for[1].ffN|q 
Critical Warning (332148): Timing requirements not met
    Info (11105): For recommendations on closing timing, run Report Timing Closure Recommendations in the TimeQuest Timing Analyzer.
Info (332146): Worst-case hold slack is -0.232
    Info (332119):     Slack       End Point TNS Clock 
    Info (332119): ========= =================== =====================
    Info (332119):    -0.232              -0.232 clkIN 
    Info (332119):    -0.005              -0.005 divisor_de_frequencia:instDiv|flip_flop_d:ff0|q 
    Info (332119):     0.008               0.000 divisor_de_frequencia:instDiv|flip_flop_d:gen_for[0].ffN|q 
    Info (332119):     0.179               0.000 runDebugIN 
    Info (332119):     0.208               0.000 divisor_de_frequencia:instDiv|flip_flop_d:gen_for[1].ffN|q 
Info (332140): No Recovery paths to report
Info (332140): No Removal paths to report
Info (332146): Worst-case minimum pulse width slack is -3.000
    Info (332119):     Slack       End Point TNS Clock 
    Info (332119): ========= =================== =====================
    Info (332119):    -3.000             -14.715 runDebugIN 
    Info (332119):    -3.000              -4.000 clkIN 
    Info (332119):    -1.000              -1.000 divisor_de_frequencia:instDiv|flip_flop_d:ff0|q 
    Info (332119):    -1.000              -1.000 divisor_de_frequencia:instDiv|flip_flop_d:gen_for[0].ffN|q 
    Info (332119):    -1.000              -1.000 divisor_de_frequencia:instDiv|flip_flop_d:gen_for[1].ffN|q 
Info (332102): Design is not fully constrained for setup requirements
Info (332102): Design is not fully constrained for hold requirements
Info: Quartus II 64-Bit TimeQuest Timing Analyzer was successful. 0 errors, 5 warnings
    Info: Peak virtual memory: 4621 megabytes
    Info: Processing ended: Mon Jun 22 15:21:01 2026
    Info: Elapsed time: 00:00:04
    Info: Total CPU time (on all processors): 00:00:03


